9,"N/A (less than 16 years old/NILF who last worked more than 5 years ago or never worked)","Unemployed / NA","Unemployed / NA","*"
10,"Chief Executives And Legislators","Management","White Collar / Management","*"
20,"General And Operations Managers","Management","White Collar / Management","*"
40,"Advertising And Promotions Managers","Management","White Collar / Management","*"
51,"Marketing Managers","Management","White Collar / Management","*"
52,"Sales Managers","Management","White Collar / Management","*"
60,"Public Relations And Fundraising Managers","Management","White Collar / Management","*"
101,"Administrative Services Managers","Management","White Collar / Management","*"
102,"Facilities Managers","Management","White Collar / Management","*"
110,"Computer And Information Systems Managers","Management","White Collar / Management","*"
120,"Financial Managers","Management","White Collar / Management","*"
135,"Compensation And Benefits Managers","Management","White Collar / Management","*"
136,"Human Resources Managers","Management","White Collar / Management","*"
137,"Training And Development Managers","Management","White Collar / Management","*"
140,"Industrial Production Managers","Management","White Collar / Management","*"
150,"Purchasing Managers","Management","White Collar / Management","*"
160,"Transportation, Storage, And Distribution Managers","Management","White Collar / Management","*"
205,"Farmers, Ranchers, And Other Agricultural Managers","Management","White Collar / Management","*"
220,"Construction Managers","Management","White Collar / Management","*"
230,"Education And Childcare Administrators","Management","White Collar / Management","*"
300,"Architectural And Engineering Managers","Management","White Collar / Management","*"
310,"Food Service Managers","Management","White Collar / Management","*"
335,"Entertainment and Recreation Managers","Management","White Collar / Management","*"
340,"Lodging Managers","Management","White Collar / Management","*"
350,"Medical And Health Services Managers","Management","White Collar / Management","*"
360,"Natural Sciences Managers","Management","White Collar / Management","*"
410,"Property, Real Estate, And Community Association Managers","Management","White Collar / Management","*"
420,"Social And Community Service Managers","Management","White Collar / Management","*"
425,"Emergency Management Directors","Management","White Collar / Management","*"
440,"Other Managers","Management","White Collar / Management","*"
500,"Agents And Business Managers Of Artists, Performers, And Athletes","Business Operations","White Collar / Business","*"
510,"Buyers And Purchasing Agents, Farm Products","Business Operations","White Collar / Business","*"
520,"Wholesale And Retail Buyers, Except Farm Products","Business Operations","White Collar / Business","*"
530,"Purchasing Agents, Except Wholesale, Retail, And Farm Products","Business Operations","White Collar / Business","*"
540,"Claims Adjusters, Appraisers, Examiners, And Investigators","Business Operations","White Collar / Business","*"
565,"Compliance Officers","Business Operations","White Collar / Business","*"
600,"Cost Estimators","Business Operations","White Collar / Business","*"
630,"Human Resources Workers","Business Operations","White Collar / Business","*"
640,"Compensation, Benefits, And Job Analysis Specialists","Business Operations","White Collar / Business","*"
650,"Training And Development Specialists","Business Operations","White Collar / Business","*"
700,"Logisticians","Business Operations","White Collar / Business","*"
705,"Project Management Specialists","Business Operations","White Collar / Business","*"
710,"Management Analysts","Business Operations","White Collar / Business","*"
725,"Meeting, Convention, And Event Planners","Business Operations","White Collar / Business","*"
726,"Fundraisers","Business Operations","White Collar / Business","*"
735,"Market Research Analysts And Marketing Specialists","Business Operations","White Collar / Business","*"
750,"Business Operations Specialists, All Other","Business Operations","White Collar / Business","*"
800,"Accountants And Auditors","Financial","White Collar / Business","*"
810,"Property Appraisers and Assessors","Financial","White Collar / Business","*"
820,"Budget Analysts","Financial","White Collar / Business","*"
830,"Credit Analysts","Financial","White Collar / Business","*"
845,"Financial And Investment Analysts","Financial","White Collar / Business","*"
850,"Personal Financial Advisors","Financial","White Collar / Business","*"
860,"Insurance Underwriters","Financial","White Collar / Business","*"
900,"Financial Examiners","Financial","White Collar / Business","*"
910,"Credit Counselors And Loan Officers","Financial","White Collar / Business","*"
930,"Tax Examiners And Collectors, And Revenue Agents","Financial","White Collar / Business","*"
940,"Tax Preparers","Financial","White Collar / Business","*"
960,"Other Financial Specialists","Financial","White Collar / Business","*"
1005,"Computer And Information Research Scientists","Computer & Math","STEM","*"
1006,"Computer Systems Analysts","Computer & Math","STEM","*"
1007,"Information Security Analysts","Computer & Math","STEM","*"
1010,"Computer Programmers","Computer & Math","STEM","*"
1021,"Software Developers","Computer & Math","STEM","*"
1022,"Software Quality Assurance Analysts and Testers","Computer & Math","STEM","*"
1031,"Web Developers","Computer & Math","STEM","*"
1032,"Web And Digital Interface Designers","Computer & Math","STEM","*"
1050,"Computer Support Specialists","Computer & Math","STEM","*"
1065,"Database Administrators and Architects","Computer & Math","STEM","*"
1105,"Network And Computer Systems Administrators","Computer & Math","STEM","*"
1106,"Computer Network Architects","Computer & Math","STEM","*"
1108,"Computer Occupations, All Other","Computer & Math","STEM","*"
1200,"Actuaries","Computer & Math","STEM","*"
1220,"Operations Research Analysts","Computer & Math","STEM","*"
1240,"Other Mathematical Science Occupations","Computer & Math","STEM","*"
1305,"Architects, Except Landscape And Naval","Engineering","STEM","*"
1306,"Landscape Architects","Engineering","STEM","*"
1310,"Surveyors, Cartographers, And Photogrammetrists","Engineering","STEM","*"
1320,"Aerospace Engineers","Engineering","STEM","*"
1340,"Biomedical And Agricultural Engineers","Engineering","STEM","*"
1350,"Chemical Engineers","Engineering","STEM","*"
1360,"Civil Engineers","Engineering","STEM","*"
1400,"Computer Hardware Engineers","Engineering","STEM","*"
1410,"Electrical And Electronics Engineers","Engineering","STEM","*"
1420,"Environmental Engineers","Engineering","STEM","*"
1430,"Industrial Engineers, Including Health And Safety","Engineering","STEM","*"
1440,"Marine Engineers And Naval Architects","Engineering","STEM","*"
1450,"Materials Engineers","Engineering","STEM","*"
1460,"Mechanical Engineers","Engineering","STEM","*"
1520,"Petroleum, Mining And Geological Engineers, Including Mining Safety Engineers","Engineering","STEM","*"
1530,"Other Engineers","Engineering","STEM","*"
1541,"Architectural And Civil Drafters","Engineering","STEM","*"
1545,"Other Drafters","Engineering","STEM","*"
1551,"Electrical And Electronic Engineering Technologists And Technicians","Engineering","STEM","*"
1555,"Other Engineering Technologists And Technicians, Except Drafters","Engineering","STEM","*"
1560,"Surveying And Mapping Technicians","Engineering","STEM","*"
1600,"Agricultural And Food Scientists","Science","STEM","*"
1610,"Biological Scientists","Science","STEM","*"
1640,"Conservation Scientists And Foresters","Science","STEM","*"
1650,"Other Life Scientists","Science","STEM","*"
1700,"Astronomers And Physicists","Science","STEM","*"
1710,"Atmospheric And Space Scientists","Science","STEM","*"
1720,"Chemists And Materials Scientists","Science","STEM","*"
1745,"Environmental Scientists And Specialists, Including Health","Science","STEM","*"
1750,"Geoscientists And Hydrologists, Except Geographers","Science","STEM","*"
1760,"Physical Scientists, All Other","Science","STEM","*"
1800,"Economists","Science","STEM","*"
1821,"Clinical And Counseling Psychologists","Science","STEM","*"
1822,"School Psychologists","Science","STEM","*"
1825,"Other Psychologists","Science","STEM","*"
1840,"Urban And Regional Planners","Science","STEM","*"
1860,"Other Social Scientists","Science","STEM","*"
1900,"Agricultural And Food Science Technicians","Science","STEM","*"
1910,"Biological Technicians","Science","STEM","*"
1920,"Chemical Technicians","Science","STEM","*"
1935,"Environmental Science and Geoscience Technicians, And Nuclear Technicians","Science","STEM","*"
1970,"Other Life, Physical, And Social Science Technicians","Science","STEM","*"
1980,"Occupational Health And Safety Specialists and Technicians","Science","STEM","*"
2001,"Substance Abuse And Behavioral Disorder Counselors","Community & Social Service","Public / Social Service","*"
2002,"Educational, Guidance, And Career Counselors And Advisors","Community & Social Service","Public / Social Service","*"
2003,"Marriage And Family Therapists","Community & Social Service","Public / Social Service","*"
2004,"Mental Health Counselors","Community & Social Service","Public / Social Service","*"
2005,"Rehabilitation Counselors","Community & Social Service","Public / Social Service","*"
2006,"Counselors, All Other","Community & Social Service","Public / Social Service","*"
2011,"Child, Family, And School Social Workers","Community & Social Service","Public / Social Service","*"
2012,"Healthcare Social Workers","Community & Social Service","Public / Social Service","*"
2013,"Mental Health And Substance Abuse Social Workers","Community & Social Service","Public / Social Service","*"
2014,"Social Workers, All Other","Community & Social Service","Public / Social Service","*"
2015,"Probation Officers And Correctional Treatment Specialists","Community & Social Service","Public / Social Service","*"
2016,"Social And Human Service Assistants","Community & Social Service","Public / Social Service","*"
2025,"Other Community and Social Service Specialists","Community & Social Service","Public / Social Service","*"
2040,"Clergy","Community & Social Service","Public / Social Service","*"
2050,"Directors, Religious Activities And Education","Community & Social Service","Public / Social Service","*"
2060,"Religious Workers, All Other","Community & Social Service","Public / Social Service","*"
2100,"Lawyers, And Judges, Magistrates, And Other Judicial Workers","Legal","White Collar / Professional","*"
2105,"Judicial Law Clerks","Legal","White Collar / Professional","*"
2145,"Paralegals And Legal Assistants","Legal","White Collar / Professional","*"
2170,"Title Examiners, Abstractors, and Searchers","Legal","White Collar / Professional","*"
2180,"Legal Support Workers, All Other","Legal","White Collar / Professional","*"
2205,"Postsecondary Teachers","Education","White Collar / Professional","*"
2300,"Preschool And Kindergarten Teachers","Education","White Collar / Professional","*"
2310,"Elementary And Middle School Teachers","Education","White Collar / Professional","*"
2320,"Secondary School Teachers","Education","White Collar / Professional","*"
2330,"Special Education Teachers","Education","White Collar / Professional","*"
2350,"Tutors","Education","White Collar / Professional","*"
2360,"Other Teachers and Instructors","Education","White Collar / Professional","*"
2400,"Archivists, Curators, And Museum Technicians","Education","White Collar / Professional","*"
2435,"Librarians And Media Collections Specialists","Education","White Collar / Professional","*"
2440,"Library Technicians","Education","White Collar / Professional","*"
2545,"Teaching Assistants","Education","White Collar / Professional","*"
2555,"Other Educational Instruction and Library Workers","Education","White Collar / Professional","*"
2600,"Artists And Related Workers","Arts & Entertainment","Arts & Media","*"
2631,"Commercial And Industrial Designers","Arts & Entertainment","Arts & Media","*"
2632,"Fashion Designers","Arts & Entertainment","Arts & Media","*"
2633,"Floral Designers","Arts & Entertainment","Arts & Media","*"
2634,"Graphic Designers","Arts & Entertainment","Arts & Media","*"
2635,"Interior Designers","Arts & Entertainment","Arts & Media","*"
2636,"Merchandise Displayer And Windows Trimmers","Arts & Entertainment","Arts & Media","*"
2640,"Other Designers","Arts & Entertainment","Arts & Media","*"
2700,"Actors","Arts & Entertainment","Arts & Media","*"
2710,"Producers And Directors","Arts & Entertainment","Arts & Media","*"
2721,"Athletes and Sports Competitors","Arts & Entertainment","Arts & Media","*"
2722,"Coaches and Scouts","Arts & Entertainment","Arts & Media","*"
2723,"Umpires, Referees, And Other Sports Officials","Arts & Entertainment","Arts & Media","*"
2740,"Dancers And Choreographers","Arts & Entertainment","Arts & Media","*"
2751,"Music Directors and Composers","Arts & Entertainment","Arts & Media","*"
2752,"Musicians and Singers","Arts & Entertainment","Arts & Media","*"
2755,"Disc Jockeys, Except Radio","Arts & Entertainment","Arts & Media","*"
2770,"Entertainers And Performers, Sports and Related Workers, All Other","Arts & Entertainment","Arts & Media","*"
2805,"Broadcast Announcers And Radio Disc Jockeys","Arts & Entertainment","Arts & Media","*"
2810,"News Analysts, Reporters, And Journalists","Arts & Entertainment","Arts & Media","*"
2825,"Public Relations Specialists","Arts & Entertainment","Arts & Media","*"
2830,"Editors","Arts & Entertainment","Arts & Media","*"
2840,"Technical Writers","Arts & Entertainment","Arts & Media","*"
2850,"Writers And Authors","Arts & Entertainment","Arts & Media","*"
2861,"Interpreters and Translators","Arts & Entertainment","Arts & Media","*"
2862,"Court Reporters and Simultaneous Captioners","Arts & Entertainment","Arts & Media","*"
2865,"Media And Communication Workers, All Other","Arts & Entertainment","Arts & Media","*"
2905,"Other Media And Communication Equipment Workers","Arts & Entertainment","Arts & Media","*"
2910,"Photographers","Arts & Entertainment","Arts & Media","*"
2920,"Television, Video, And Film Camera Operators And Editors","Arts & Entertainment","Arts & Media","*"
3000,"Chiropractors","Healthcare Practitioners","Healthcare","*"
3010,"Dentists","Healthcare Practitioners","Healthcare","*"
3030,"Dietitians And Nutritionists","Healthcare Practitioners","Healthcare","*"
3040,"Optometrists","Healthcare Practitioners","Healthcare","*"
3050,"Pharmacists","Healthcare Practitioners","Healthcare","*"
3090,"Physicians","Healthcare Practitioners","Healthcare","*"
3100,"Surgeons","Healthcare Practitioners","Healthcare","*"
3110,"Physician Assistants","Healthcare Practitioners","Healthcare","*"
3120,"Podiatrists","Healthcare Practitioners","Healthcare","*"
3140,"Audiologists","Healthcare Practitioners","Healthcare","*"
3150,"Occupational Therapists","Healthcare Practitioners","Healthcare","*"
3160,"Physical Therapists","Healthcare Practitioners","Healthcare","*"
3200,"Radiation Therapists","Healthcare Practitioners","Healthcare","*"
3210,"Recreational Therapists","Healthcare Practitioners","Healthcare","*"
3220,"Respiratory Therapists","Healthcare Practitioners","Healthcare","*"
3230,"Speech-Language Pathologists","Healthcare Practitioners","Healthcare","*"
3245,"Other Therapists","Healthcare Practitioners","Healthcare","*"
3250,"Veterinarians","Healthcare Practitioners","Healthcare","*"
3255,"Registered Nurses","Healthcare Practitioners","Healthcare","*"
3256,"Nurse Anesthetists","Healthcare Practitioners","Healthcare","*"
3258,"Nurse Practitioners, And Nurse Midwives","Healthcare Practitioners","Healthcare","*"
3261,"Acupuncturists","Healthcare Practitioners","Healthcare","*"
3270,"Healthcare Diagnosing Or Treating Practitioners, All Other","Healthcare Practitioners","Healthcare","*"
3300,"Clinical Laboratory Technologists And Technicians","Healthcare Practitioners","Healthcare","*"
3310,"Dental Hygienists","Healthcare Practitioners","Healthcare","*"
3321,"Cardiovascular Technologists and Technicians","Healthcare Practitioners","Healthcare","*"
3322,"Diagnostic Medical Sonographers","Healthcare Practitioners","Healthcare","*"
3323,"Radiologic Technologists And Technicians","Healthcare Practitioners","Healthcare","*"
3324,"Magnetic Resonance Imaging Technologists","Healthcare Practitioners","Healthcare","*"
3330,"Nuclear Medicine Technologists and Medical Dosimetrists","Healthcare Practitioners","Healthcare","*"
3401,"Emergency Medical Technicians","Healthcare Practitioners","Healthcare","*"
3402,"Paramedics","Healthcare Practitioners","Healthcare","*"
3421,"Pharmacy Technicians","Healthcare Practitioners","Healthcare","*"
3422,"Psychiatric Technicians","Healthcare Practitioners","Healthcare","*"
3423,"Surgical Technologists","Healthcare Practitioners","Healthcare","*"
3424,"Veterinary Technologists and Technicians","Healthcare Practitioners","Healthcare","*"
3430,"Dietetic Technicians And Ophthalmic Medical Technicians","Healthcare Practitioners","Healthcare","*"
3500,"Licensed Practical And Licensed Vocational Nurses","Healthcare Practitioners","Healthcare","*"
3515,"Medical Records Specialists","Healthcare Practitioners","Healthcare","*"
3520,"Opticians, Dispensing","Healthcare Practitioners","Healthcare","*"
3545,"Miscellaneous Health Technologists and Technicians","Healthcare Practitioners","Healthcare","*"
3550,"Other Healthcare Practitioners and Technical Occupations","Healthcare Practitioners","Healthcare","*"
3601,"Home Health Aides","Healthcare Support","Healthcare","*"
3602,"Personal Care Aides","Healthcare Support","Healthcare","*"
3603,"Nursing Assistants","Healthcare Support","Healthcare","*"
3605,"Orderlies and Psychiatric Aides","Healthcare Support","Healthcare","*"
3610,"Occupational Therapy Assistants And Aides","Healthcare Support","Healthcare","*"
3620,"Physical Therapist Assistants And Aides","Healthcare Support","Healthcare","*"
3630,"Massage Therapists","Healthcare Support","Healthcare","*"
3640,"Dental Assistants","Healthcare Support","Healthcare","*"
3645,"Medical Assistants","Healthcare Support","Healthcare","*"
3646,"Medical Transcriptionists","Healthcare Support","Healthcare","*"
3647,"Pharmacy Aides","Healthcare Support","Healthcare","*"
3648,"Veterinary Assistants And Laboratory Animal Caretakers","Healthcare Support","Healthcare","*"
3649,"Phlebotomists","Healthcare Support","Healthcare","*"
3655,"Other Healthcare Support Workers","Healthcare Support","Healthcare","*"
3700,"First-Line Supervisors Of Correctional Officers","Protective Service","Public / Social Service","*"
3710,"First-Line Supervisors Of Police And Detectives","Protective Service","Public / Social Service","*"
3720,"First-Line Supervisors Of Firefighting And Prevention Workers","Protective Service","Public / Social Service","*"
3725,"Miscellaneous First-Line Supervisors, Protective Service Workers","Protective Service","Public / Social Service","*"
3740,"Firefighters","Protective Service","Public / Social Service","*"
3750,"Fire Inspectors","Protective Service","Public / Social Service","*"
3801,"Bailiffs","Protective Service","Public / Social Service","*"
3802,"Correctional Officers and Jailers","Protective Service","Public / Social Service","*"
3820,"Detectives And Criminal Investigators","Protective Service","Public / Social Service","*"
3840,"Fish And Game Wardens And Parking Enforcement Officers","Protective Service","Public / Social Service","*"
3870,"Police Officers","Protective Service","Public / Social Service","*"
3900,"Animal Control Workers","Protective Service","Public / Social Service","*"
3910,"Private Detectives And Investigators","Protective Service","Public / Social Service","*"
3930,"Security Guards And Gambling Surveillance Officers","Protective Service","Public / Social Service","*"
3940,"Crossing Guards And Flaggers","Protective Service","Public / Social Service","*"
3945,"Transportation Security Screeners","Protective Service","Public / Social Service","*"
3946,"School Bus Monitors","Protective Service","Public / Social Service","*"
3960,"Other Protective Service Workers","Protective Service","Public / Social Service","*"
4000,"Chefs And Head Cooks","Food Preparation","Service / Hospitality","*"
4010,"First-Line Supervisors Of Food Preparation And Serving Workers","Food Preparation","Service / Hospitality","*"
4020,"Cooks","Food Preparation","Service / Hospitality","*"
4030,"Food Preparation Workers","Food Preparation","Service / Hospitality","*"
4040,"Bartenders","Food Preparation","Service / Hospitality","*"
4055,"Fast Food And Counter Workers","Food Preparation","Service / Hospitality","*"
4110,"Waiters And Waitresses","Food Preparation","Service / Hospitality","*"
4120,"Food Servers, Nonrestaurant","Food Preparation","Service / Hospitality","*"
4130,"Dining Room And Cafeteria Attendants And Bartender Helpers","Food Preparation","Service / Hospitality","*"
4140,"Dishwashers","Food Preparation","Service / Hospitality","*"
4150,"Hosts And Hostesses, Restaurant, Lounge, And Coffee Shop","Food Preparation","Service / Hospitality","*"
4160,"Food Preparation and Serving Related Workers, All Other","Food Preparation","Service / Hospitality","*"
4200,"First-Line Supervisors Of Housekeeping And Janitorial Workers","Building & Cleaning","Service / Manual","*"
4210,"First-Line Supervisors Of Landscaping, Lawn Service, And Groundskeeping Workers","Building & Cleaning","Service / Manual","*"
4220,"Janitors And Building Cleaners","Building & Cleaning","Service / Manual","*"
4230,"Maids And Housekeeping Cleaners","Building & Cleaning","Service / Manual","*"
4240,"Pest Control Workers","Building & Cleaning","Service / Manual","*"
4251,"Landscaping And Groundskeeping Workers","Building & Cleaning","Service / Manual","*"
4252,"Tree Trimmers and Pruners","Building & Cleaning","Service / Manual","*"
4255,"Other Grounds Maintenance Workers","Building & Cleaning","Service / Manual","*"
4330,"Supervisors Of Personal Care And Service Workers","Personal Care","Service / Hospitality","*"
4340,"Animal Trainers","Personal Care","Service / Hospitality","*"
4350,"Animal Caretakers","Personal Care","Service / Hospitality","*"
4400,"Gambling Services Workers","Personal Care","Service / Hospitality","*"
4420,"Ushers, Lobby Attendants, And Ticket Takers","Personal Care","Service / Hospitality","*"
4435,"Other Entertainment Attendants And Related Workers","Personal Care","Service / Hospitality","*"
4461,"Embalmers, Crematory Operators And Funeral Attendants","Personal Care","Service / Hospitality","*"
4465,"Morticians, Undertakers, And Funeral Arrangers","Personal Care","Service / Hospitality","*"
4500,"Barbers","Personal Care","Service / Hospitality","*"
4510,"Hairdressers, Hairstylists, And Cosmetologists","Personal Care","Service / Hospitality","*"
4521,"Manicurists And Pedicurists","Personal Care","Service / Hospitality","*"
4522,"Skincare Specialists","Personal Care","Service / Hospitality","*"
4525,"Other Personal Appearance Workers","Personal Care","Service / Hospitality","*"
4530,"Baggage Porters, Bellhops, And Concierges","Personal Care","Service / Hospitality","*"
4540,"Tour And Travel Guides","Personal Care","Service / Hospitality","*"
4600,"Childcare Workers","Personal Care","Service / Hospitality","*"
4621,"Exercise Trainers And Group Fitness Instructors","Personal Care","Service / Hospitality","*"
4622,"Recreation Workers","Personal Care","Service / Hospitality","*"
4640,"Residential Advisors","Personal Care","Service / Hospitality","*"
4655,"Personal Care and Service Workers, All Other","Personal Care","Service / Hospitality","*"
4700,"First-Line Supervisors Of Retail Sales Workers","Sales","Sales & Office","*"
4710,"First-Line Supervisors Of Non-Retail Sales Workers","Sales","Sales & Office","*"
4720,"Cashiers","Sales","Sales & Office","*"
4740,"Counter And Rental Clerks","Sales","Sales & Office","*"
4750,"Parts Salespersons","Sales","Sales & Office","*"
4760,"Retail Salespersons","Sales","Sales & Office","*"
4800,"Advertising Sales Agents","Sales","Sales & Office","*"
4810,"Insurance Sales Agents","Sales","Sales & Office","*"
4820,"Securities, Commodities, And Financial Services Sales Agents","Sales","Sales & Office","*"
4830,"Travel Agents","Sales","Sales & Office","*"
4840,"Sales Representatives Of Services, Except Advertising, Insurance, Financial Services, And Travel","Sales","Sales & Office","*"
4850,"Sales Representatives, Wholesale And Manufacturing","Sales","Sales & Office","*"
4900,"Models, Demonstrators, And Product Promoters","Sales","Sales & Office","*"
4920,"Real Estate Brokers And Sales Agents","Sales","Sales & Office","*"
4930,"Sales Engineers","Sales","Sales & Office","*"
4940,"Telemarketers","Sales","Sales & Office","*"
4950,"Door-To-Door Sales Workers, News And Street Vendors, And Related Workers","Sales","Sales & Office","*"
4965,"Sales And Related Workers, All Other","Sales","Sales & Office","*"
5000,"First-Line Supervisors Of Office And Administrative Support Workers","Office & Administrative","Sales & Office","*"
5010,"Switchboard Operators, Including Answering Service","Office & Administrative","Sales & Office","*"
5020,"Telephone Operators","Office & Administrative","Sales & Office","*"
5040,"Communications Equipment Operators, All Other","Office & Administrative","Sales & Office","*"
5100,"Bill And Account Collectors","Office & Administrative","Sales & Office","*"
5110,"Billing And Posting Clerks","Office & Administrative","Sales & Office","*"
5120,"Bookkeeping, Accounting, And Auditing Clerks","Office & Administrative","Sales & Office","*"
5140,"Payroll And Timekeeping Clerks","Office & Administrative","Sales & Office","*"
5150,"Procurement Clerks","Office & Administrative","Sales & Office","*"
5160,"Tellers","Office & Administrative","Sales & Office","*"
5165,"Other Financial Clerks","Office & Administrative","Sales & Office","*"
5220,"Court, Municipal, And License Clerks","Office & Administrative","Sales & Office","*"
5230,"Credit Authorizers, Checkers, And Clerks","Office & Administrative","Sales & Office","*"
5240,"Customer Service Representatives","Office & Administrative","Sales & Office","*"
5250,"Eligibility Interviewers, Government Programs","Office & Administrative","Sales & Office","*"
5260,"File Clerks","Office & Administrative","Sales & Office","*"
5300,"Hotel, Motel, And Resort Desk Clerks","Office & Administrative","Sales & Office","*"
5310,"Interviewers, Except Eligibility And Loan","Office & Administrative","Sales & Office","*"
5320,"Library Assistants, Clerical","Office & Administrative","Sales & Office","*"
5330,"Loan Interviewers And Clerks","Office & Administrative","Sales & Office","*"
5340,"New Accounts Clerks","Office & Administrative","Sales & Office","*"
5350,"Correspondence Clerks And Order Clerks","Office & Administrative","Sales & Office","*"
5360,"Human Resources Assistants, Except Payroll And Timekeeping","Office & Administrative","Sales & Office","*"
5400,"Receptionists And Information Clerks","Office & Administrative","Sales & Office","*"
5410,"Reservation And Transportation Ticket Agents And Travel Clerks","Office & Administrative","Sales & Office","*"
5420,"Other Information And Records Clerks","Office & Administrative","Sales & Office","*"
5500,"Cargo And Freight Agents","Office & Administrative","Sales & Office","*"
5510,"Couriers And Messengers","Office & Administrative","Sales & Office","*"
5521,"Public Safety Telecommunicators","Office & Administrative","Sales & Office","*"
5522,"Dispatchers, Except Police, Fire, And Ambulance","Office & Administrative","Sales & Office","*"
5530,"Meter Readers, Utilities","Office & Administrative","Sales & Office","*"
5540,"Postal Service Clerks","Office & Administrative","Sales & Office","*"
5550,"Postal Service Mail Carriers","Office & Administrative","Sales & Office","*"
5560,"Postal Service Mail Sorters, Processors, And Processing Machine Operators","Office & Administrative","Sales & Office","*"
5600,"Production, Planning, And Expediting Clerks","Office & Administrative","Sales & Office","*"
5610,"Shipping, Receiving, And Inventory Clerks","Office & Administrative","Sales & Office","*"
5630,"Weighers, Measurers, Checkers, And Samplers, Recordkeeping","Office & Administrative","Sales & Office","*"
5710,"Executive Secretaries And Executive Administrative Assistants","Office & Administrative","Sales & Office","*"
5720,"Legal Secretaries and Administrative Assistants","Office & Administrative","Sales & Office","*"
5730,"Medical Secretaries and Administrative Assistants","Office & Administrative","Sales & Office","*"
5740,"Secretaries And Administrative Assistants, Except Legal, Medical, And Executive","Office & Administrative","Sales & Office","*"
5810,"Data Entry Keyers","Office & Administrative","Sales & Office","*"
5820,"Word Processors And Typists","Office & Administrative","Sales & Office","*"
5840,"Insurance Claims And Policy Processing Clerks","Office & Administrative","Sales & Office","*"
5850,"Mail Clerks And Mail Machine Operators, Except Postal Service","Office & Administrative","Sales & Office","*"
5860,"Office Clerks, General","Office & Administrative","Sales & Office","*"
5900,"Office Machine Operators, Except Computer","Office & Administrative","Sales & Office","*"
5910,"Proofreaders And Copy Markers","Office & Administrative","Sales & Office","*"
5920,"Statistical Assistants","Office & Administrative","Sales & Office","*"
5940,"Other Office And Administrative Support Workers","Office & Administrative","Sales & Office","*"
6005,"First-Line Supervisors Of Farming, Fishing, And Forestry Workers","Farming & Forestry","Trade / Manual Labor","*"
6010,"Agricultural Inspectors","Farming & Forestry","Trade / Manual Labor","*"
6040,"Graders And Sorters, Agricultural Products","Farming & Forestry","Trade / Manual Labor","*"
6050,"Other Agricultural Workers","Farming & Forestry","Trade / Manual Labor","*"
6115,"Fishing And Hunting Workers","Farming & Forestry","Trade / Manual Labor","*"
6120,"Forest And Conservation Workers","Farming & Forestry","Trade / Manual Labor","*"
6130,"Logging Workers","Farming & Forestry","Trade / Manual Labor","*"
6200,"First-Line Supervisors Of Construction Trades And Extraction Workers","Construction","Trade / Manual Labor","*"
6210,"Boilermakers","Construction","Trade / Manual Labor","*"
6220,"Brickmasons, Blockmasons, Stonemasons, And Reinforcing Iron And Rebar Workers","Construction","Trade / Manual Labor","*"
6230,"Carpenters","Construction","Trade / Manual Labor","*"
6240,"Carpet, Floor, And Tile Installers And Finishers","Construction","Trade / Manual Labor","*"
6250,"Cement Masons, Concrete Finishers, And Terrazzo Workers","Construction","Trade / Manual Labor","*"
6260,"Construction Laborers","Construction","Trade / Manual Labor","*"
6305,"Construction Equipment Operators","Construction","Trade / Manual Labor","*"
6330,"Drywall Installers, Ceiling Tile Installers, And Tapers","Construction","Trade / Manual Labor","*"
6355,"Electricians","Construction","Trade / Manual Labor","*"
6360,"Glaziers","Construction","Trade / Manual Labor","*"
6400,"Insulation Workers","Construction","Trade / Manual Labor","*"
6410,"Painters and Paperhangers","Construction","Trade / Manual Labor","*"
6441,"Pipelayers","Construction","Trade / Manual Labor","*"
6442,"Plumbers, Pipefitters, And Steamfitters","Construction","Trade / Manual Labor","*"
6460,"Plasterers And Stucco Masons","Construction","Trade / Manual Labor","*"
6515,"Roofers","Construction","Trade / Manual Labor","*"
6520,"Sheet Metal Workers","Construction","Trade / Manual Labor","*"
6530,"Structural Iron And Steel Workers","Construction","Trade / Manual Labor","*"
6540,"Solar Photovoltaic Installers","Construction","Trade / Manual Labor","*"
6600,"Helpers, Construction Trades","Construction","Trade / Manual Labor","*"
6660,"Construction And Building Inspectors","Construction","Trade / Manual Labor","*"
6700,"Elevator And Escalator Installers And Repairers","Construction","Trade / Manual Labor","*"
6710,"Fence Erectors","Construction","Trade / Manual Labor","*"
6720,"Hazardous Materials Removal Workers","Construction","Trade / Manual Labor","*"
6730,"Highway Maintenance Workers","Construction","Trade / Manual Labor","*"
6740,"Rail-Track Laying And Maintenance Equipment Operators","Construction","Trade / Manual Labor","*"
6765,"Other Construction And Related Workers","Construction","Trade / Manual Labor","*"
6800,"Derrick, Rotary Drill, And Service Unit Operators, And Roustabouts, Oil, Gas, And Mining","Extraction","Trade / Manual Labor","*"
6825,"Surface Mining Machine Operators And Earth Drillers","Extraction","Trade / Manual Labor","*"
6835,"Explosives Workers, Ordnance Handling Experts, and Blasters","Extraction","Trade / Manual Labor","*"
6850,"Underground Mining Machine Operators","Extraction","Trade / Manual Labor","*"
6950,"Other Extraction Workers","Extraction","Trade / Manual Labor","*"
7000,"First-Line Supervisors Of Mechanics, Installers, And Repairers","Maintenance & Repair","Trade / Manual Labor","*"
7010,"Computer, Automated Teller, And Office Machine Repairers","Maintenance & Repair","Trade / Manual Labor","*"
7020,"Radio And Telecommunications Equipment Installers And Repairers","Maintenance & Repair","Trade / Manual Labor","*"
7030,"Avionics Technicians","Maintenance & Repair","Trade / Manual Labor","*"
7040,"Electric Motor, Power Tool, And Related Repairers","Maintenance & Repair","Trade / Manual Labor","*"
7100,"Other Electrical And Electronic Equipment Mechanics, Installers, And Repairers","Maintenance & Repair","Trade / Manual Labor","*"
7120,"Audiovisual Equipment Installers And Repairers","Maintenance & Repair","Trade / Manual Labor","*"
7130,"Security And Fire Alarm Systems Installers","Maintenance & Repair","Trade / Manual Labor","*"
7140,"Aircraft Mechanics And Service Technicians","Maintenance & Repair","Trade / Manual Labor","*"
7150,"Automotive Body And Related Repairers","Maintenance & Repair","Trade / Manual Labor","*"
7160,"Automotive Glass Installers And Repairers","Maintenance & Repair","Trade / Manual Labor","*"
7200,"Automotive Service Technicians And Mechanics","Maintenance & Repair","Trade / Manual Labor","*"
7210,"Bus And Truck Mechanics And Diesel Engine Specialists","Maintenance & Repair","Trade / Manual Labor","*"
7220,"Heavy Vehicle And Mobile Equipment Service Technicians And Mechanics","Maintenance & Repair","Trade / Manual Labor","*"
7240,"Small Engine Mechanics","Maintenance & Repair","Trade / Manual Labor","*"
7260,"Miscellaneous Vehicle And Mobile Equipment Mechanics, Installers, And Repairers","Maintenance & Repair","Trade / Manual Labor","*"
7300,"Control And Valve Installers And Repairers","Maintenance & Repair","Trade / Manual Labor","*"
7315,"Heating, Air Conditioning, And Refrigeration Mechanics And Installers","Maintenance & Repair","Trade / Manual Labor","*"
7320,"Home Appliance Repairers","Maintenance & Repair","Trade / Manual Labor","*"
7330,"Industrial And Refractory Machinery Mechanics","Maintenance & Repair","Trade / Manual Labor","*"
7340,"Maintenance And Repair Workers, General","Maintenance & Repair","Trade / Manual Labor","*"
7350,"Maintenance Workers, Machinery","Maintenance & Repair","Trade / Manual Labor","*"
7360,"Millwrights","Maintenance & Repair","Trade / Manual Labor","*"
7410,"Electrical Power-Line Installers And Repairers","Maintenance & Repair","Trade / Manual Labor","*"
7420,"Telecommunications Line Installers And Repairers","Maintenance & Repair","Trade / Manual Labor","*"
7430,"Precision Instrument And Equipment Repairers","Maintenance & Repair","Trade / Manual Labor","*"
7510,"Coin, Vending, And Amusement Machine Servicers And Repairers","Maintenance & Repair","Trade / Manual Labor","*"
7540,"Locksmiths And Safe Repairers","Maintenance & Repair","Trade / Manual Labor","*"
7560,"Riggers","Maintenance & Repair","Trade / Manual Labor","*"
7610,"Helpers--Installation, Maintenance, And Repair Workers","Maintenance & Repair","Trade / Manual Labor","*"
7640,"Other Installation, Maintenance, And Repair Workers","Maintenance & Repair","Trade / Manual Labor","*"
7700,"First-Line Supervisors Of Production And Operating Workers","Production","Trade / Manual Labor","*"
7720,"Electrical, Electronics, And Electromechanical Assemblers","Production","Trade / Manual Labor","*"
7730,"Engine And Other Machine Assemblers","Production","Trade / Manual Labor","*"
7740,"Structural Metal Fabricators And Fitters","Production","Trade / Manual Labor","*"
7750,"Other Assemblers And Fabricators","Production","Trade / Manual Labor","*"
7800,"Bakers","Production","Trade / Manual Labor","*"
7810,"Butchers And Other Meat, Poultry, And Fish Processing Workers","Production","Trade / Manual Labor","*"
7830,"Food And Tobacco Roasting, Baking, And Drying Machine Operators And Tenders","Production","Trade / Manual Labor","*"
7840,"Food Batchmakers","Production","Trade / Manual Labor","*"
7850,"Food Cooking Machine Operators And Tenders","Production","Trade / Manual Labor","*"
7855,"Food Processing Workers, All Other","Production","Trade / Manual Labor","*"
7905,"Computer Numerically Controlled Tool Operators And Programmers","Production","Trade / Manual Labor","*"
7925,"Forming Machine Setters, Operators, And Tenders, Metal And Plastic","Production","Trade / Manual Labor","*"
7950,"Cutting, Punching, And Press Machine Setters, Operators, And Tenders, Metal And Plastic","Production","Trade / Manual Labor","*"
8000,"Grinding, Lapping, Polishing, And Buffing Machine Tool Setters, Operators, And Tenders, Metal And Plastic","Production","Trade / Manual Labor","*"
8025,"Other Machine Tool Setters, Operators, And Tenders, Metal and Plastic","Production","Trade / Manual Labor","*"
8030,"Machinists","Production","Trade / Manual Labor","*"
8040,"Metal Furnace Operators, Tenders, Pourers, And Casters","Production","Trade / Manual Labor","*"
8100,"Model Makers, Patternmakers, And Molding Machine Setters, Metal And Plastic","Production","Trade / Manual Labor","*"
8130,"Tool And Die Makers","Production","Trade / Manual Labor","*"
8140,"Welding, Soldering, And Brazing Workers","Production","Trade / Manual Labor","*"
8225,"Other Metal Workers And Plastic Workers","Production","Trade / Manual Labor","*"
8250,"Prepress Technicians And Workers","Production","Trade / Manual Labor","*"
8255,"Printing Press Operators","Production","Trade / Manual Labor","*"
8256,"Print Binding And Finishing Workers","Production","Trade / Manual Labor","*"
8300,"Laundry And Dry-Cleaning Workers","Production","Trade / Manual Labor","*"
8310,"Pressers, Textile, Garment, And Related Materials","Production","Trade / Manual Labor","*"
8320,"Sewing Machine Operators","Production","Trade / Manual Labor","*"
8335,"Shoe And Leather Workers","Production","Trade / Manual Labor","*"
8350,"Tailors, Dressmakers, And Sewers","Production","Trade / Manual Labor","*"
8365,"Textile Machine Setters, Operators, And Tenders","Production","Trade / Manual Labor","*"
8450,"Upholsterers","Production","Trade / Manual Labor","*"
8465,"Other Textile, Apparel, And Furnishings Workers","Production","Trade / Manual Labor","*"
8500,"Cabinetmakers And Bench Carpenters","Production","Trade / Manual Labor","*"
8510,"Furniture Finishers","Production","Trade / Manual Labor","*"
8530,"Sawing Machine Setters, Operators, And Tenders, Wood","Production","Trade / Manual Labor","*"
8540,"Woodworking Machine Setters, Operators, And Tenders, Except Sawing","Production","Trade / Manual Labor","*"
8555,"Other Woodworkers","Production","Trade / Manual Labor","*"
8600,"Power Plant Operators, Distributors, And Dispatchers","Production","Trade / Manual Labor","*"
8610,"Stationary Engineers And Boiler Operators","Production","Trade / Manual Labor","*"
8620,"Water And Wastewater Treatment Plant And System Operators","Production","Trade / Manual Labor","*"
8630,"Miscellaneous Plant Operators","Production","Trade / Manual Labor","*"
8640,"Chemical Operators","Production","Trade / Manual Labor","*"
8650,"Crushing, Grinding, Polishing, Mixing, And Blending Workers","Production","Trade / Manual Labor","*"
8710,"Cutting Workers","Production","Trade / Manual Labor","*"
8720,"Machine Tenders","Production","Trade / Manual Labor","*"
8730,"Furnace, Kiln, Oven, Drier, And Kettle Operators And Tenders","Production","Trade / Manual Labor","*"
8740,"Inspectors, Testers, Sorters, Samplers, And Weighers","Production","Trade / Manual Labor","*"
8750,"Jewelers And Precious Stone And Metal Workers","Production","Trade / Manual Labor","*"
8760,"Dental And Ophthalmic Laboratory Technicians And Medical Appliance Technicians","Production","Trade / Manual Labor","*"
8800,"Packaging And Filling Machine Operators And Tenders","Production","Trade / Manual Labor","*"
8810,"Painting Workers","Production","Trade / Manual Labor","*"
8830,"Photo Workers","Production","Trade / Manual Labor","*"
8850,"Adhesive Operators","Production","Trade / Manual Labor","*"
8910,"Etchers And Engravers","Production","Trade / Manual Labor","*"
8920,"Molders, Shapers, And Casters, Except Metal And Plastic","Production","Trade / Manual Labor","*"
8930,"Paper Goods Machine Setters, Operators, And Tenders","Production","Trade / Manual Labor","*"
8940,"Tire Builders","Production","Trade / Manual Labor","*"
8950,"Helpers--Production Workers","Production","Trade / Manual Labor","*"
8990,"Miscellaneous Production Workers, Including Equipment Operators And Tenders","Production","Trade / Manual Labor","*"
9005,"Supervisors Of Transportation And Material Moving Workers","Transportation","Trade / Manual Labor","*"
9030,"Aircraft Pilots And Flight Engineers","Transportation","Trade / Manual Labor","*"
9040,"Air Traffic Controllers","Transportation","Trade / Manual Labor","*"
9050,"Flight Attendants","Transportation","Trade / Manual Labor","*"
9110,"Ambulance Drivers And Attendants, Except Emergency Medical Technicians","Transportation","Trade / Manual Labor","*"
9121,"Bus Drivers, School","Transportation","Trade / Manual Labor","*"
9122,"Bus Drivers, Transit And Intercity","Transportation","Trade / Manual Labor","*"
9130,"Driver/Sales Workers And Truck Drivers","Transportation","Trade / Manual Labor","*"
9141,"Shuttle Drivers And Chauffeurs","Transportation","Trade / Manual Labor","*"
9142,"Taxi Drivers","Transportation","Trade / Manual Labor","*"
9150,"Motor Vehicle Operators, All Other","Transportation","Trade / Manual Labor","*"
9210,"Locomotive Engineers And Operators","Transportation","Trade / Manual Labor","*"
9240,"Railroad Conductors And Yardmasters","Transportation","Trade / Manual Labor","*"
9265,"Other Rail Transportation Workers","Transportation","Trade / Manual Labor","*"
9300,"Sailors And Marine Oilers, And Ship Engineers","Transportation","Trade / Manual Labor","*"
9310,"Ship And Boat Captains And Operators","Transportation","Trade / Manual Labor","*"
9350,"Parking Attendants","Transportation","Trade / Manual Labor","*"
9365,"Transportation Service Attendants","Transportation","Trade / Manual Labor","*"
9410,"Transportation Inspectors","Transportation","Trade / Manual Labor","*"
9415,"Passenger Attendants","Transportation","Trade / Manual Labor","*"
9430,"Other Transportation Workers","Transportation","Trade / Manual Labor","*"
9510,"Crane And Tower Operators","Transportation","Trade / Manual Labor","*"
9570,"Conveyor, Dredge, And Hoist and Winch Operators","Transportation","Trade / Manual Labor","*"
9600,"Industrial Truck And Tractor Operators","Transportation","Trade / Manual Labor","*"
9610,"Cleaners Of Vehicles And Equipment","Transportation","Trade / Manual Labor","*"
9620,"Material Movers","Transportation","Trade / Manual Labor","*"
9630,"Machine Feeders And Offbearers","Transportation","Trade / Manual Labor","*"
9640,"Packers And Packagers, Hand","Transportation","Trade / Manual Labor","*"
9645,"Stockers And Order Fillers","Transportation","Trade / Manual Labor","*"
9650,"Pumping Station Operators","Transportation","Trade / Manual Labor","*"
9720,"Refuse And Recyclable Material Collectors","Transportation","Trade / Manual Labor","*"
9760,"Other Material Moving Workers","Transportation","Trade / Manual Labor","*"
9800,"Military Officer Special And Tactical Operations Leaders","Military","Military","*"
9810,"First-Line Enlisted Military Supervisors","Military","Military","*"
9825,"Military Enlisted Tactical Operations And Air/Weapons Specialists And Crew Members","Military","Military","*"
9830,"Military, Rank Not Specified","Military","Military","*"
9920,"Unemployed, With No Work Experience In The Last 5 Years Or Earlier Or Never Worked","Unemployed / NA","Unemployed / NA","*"