1,"Alabama","US-South","US","*"
2,"Alaska","US-West","US","*"
4,"Arizona","US-West","US","*"
5,"Arkansas","US-South","US","*"
6,"California","US-West","US","*"
8,"Colorado","US-West","US","*"
9,"Connecticut","US-Northeast","US","*"
10,"Delaware","US-South","US","*"
11,"District of Columbia","US-South","US","*"
12,"Florida","US-South","US","*"
13,"Georgia","US-South","US","*"
15,"Hawaii","US-West","US","*"
16,"Idaho","US-West","US","*"
17,"Illinois","US-Midwest","US","*"
18,"Indiana","US-Midwest","US","*"
19,"Iowa","US-Midwest","US","*"
20,"Kansas","US-Midwest","US","*"
21,"Kentucky","US-South","US","*"
22,"Louisiana","US-South","US","*"
23,"Maine","US-Northeast","US","*"
24,"Maryland","US-South","US","*"
25,"Massachusetts","US-Northeast","US","*"
26,"Michigan","US-Midwest","US","*"
27,"Minnesota","US-Midwest","US","*"
28,"Mississippi","US-South","US","*"
29,"Missouri","US-Midwest","US","*"
30,"Montana","US-West","US","*"
31,"Nebraska","US-Midwest","US","*"
32,"Nevada","US-West","US","*"
33,"New Hampshire","US-Northeast","US","*"
34,"New Jersey","US-Northeast","US","*"
35,"New Mexico","US-West","US","*"
36,"New York","US-Northeast","US","*"
37,"North Carolina","US-South","US","*"
38,"North Dakota","US-Midwest","US","*"
39,"Ohio","US-Midwest","US","*"
40,"Oklahoma","US-South","US","*"
41,"Oregon","US-West","US","*"
42,"Pennsylvania","US-Northeast","US","*"
44,"Rhode Island","US-Northeast","US","*"
45,"South Carolina","US-South","US","*"
46,"South Dakota","US-Midwest","US","*"
47,"Tennessee","US-South","US","*"
48,"Texas","US-South","US","*"
49,"Utah","US-West","US","*"
50,"Vermont","US-Northeast","US","*"
51,"Virginia","US-South","US","*"
53,"Washington","US-West","US","*"
54,"West Virginia","US-South","US","*"
55,"Wisconsin","US-Midwest","US","*"
56,"Wyoming","US-West","US","*"
60,"American Samoa","US-Territory","US","*"
66,"Guam","US-Territory","US","*"
69,"Commonwealth of the Northern Mariana Islands","US-Territory","US","*"
72,"Puerto Rico","US-Territory","US","*"
78,"US Virgin Islands","US-Territory","US","*"
100,"Albania","Europe","Non-US","*"
102,"Austria","Europe","Non-US","*"
103,"Belgium","Europe","Non-US","*"
104,"Bulgaria","Europe","Non-US","*"
105,"Czechoslovakia","Europe","Non-US","*"
106,"Denmark","Europe","Non-US","*"
108,"Finland","Europe","Non-US","*"
109,"France","Europe","Non-US","*"
110,"Germany","Europe","Non-US","*"
116,"Greece","Europe","Non-US","*"
117,"Hungary","Europe","Non-US","*"
118,"Iceland","Europe","Non-US","*"
119,"Ireland","Europe","Non-US","*"
120,"Italy","Europe","Non-US","*"
126,"Netherlands","Europe","Non-US","*"
127,"Norway","Europe","Non-US","*"
128,"Poland","Europe","Non-US","*"
129,"Portugal","Europe","Non-US","*"
130,"Azores Islands","Europe","Non-US","*"
132,"Romania","Europe","Non-US","*"
134,"Spain","Europe","Non-US","*"
136,"Sweden","Europe","Non-US","*"
137,"Switzerland","Europe","Non-US","*"
138,"United Kingdom, Not Specified","Europe","Non-US","*"
139,"England","Europe","Non-US","*"
140,"Scotland","Europe","Non-US","*"
142,"Northern Ireland","Europe","Non-US","*"
147,"Yugoslavia","Europe","Non-US","*"
148,"Czech Republic","Europe","Non-US","*"
149,"Slovakia","Europe","Non-US","*"
150,"Bosnia and Herzegovina","Europe","Non-US","*"
151,"Croatia","Europe","Non-US","*"
152,"Macedonia","Europe","Non-US","*"
154,"Serbia","Europe","Non-US","*"
156,"Latvia","Europe","Non-US","*"
157,"Lithuania","Europe","Non-US","*"
158,"Armenia","Europe","Non-US","*"
159,"Azerbaijan","Europe","Non-US","*"
160,"Belarus","Europe","Non-US","*"
161,"Georgia","Europe","Non-US","*"
162,"Moldova","Europe","Non-US","*"
163,"Russia","Europe","Non-US","*"
164,"Ukraine","Europe","Non-US","*"
165,"USSR","Europe","Non-US","*"
166,"Europe","Europe","Non-US","*"
167,"Kosovo","Europe","Non-US","*"
168,"Montenegro","Europe","Non-US","*"
169,"Other Europe, Not Specified","Europe","Non-US","*"
200,"Afghanistan","Asia","Non-US","*"
202,"Bangladesh","Asia","Non-US","*"
203,"Bhutan","Asia","Non-US","*"
205,"Myanmar","Asia","Non-US","*"
206,"Cambodia","Asia","Non-US","*"
207,"China","Asia","Non-US","*"
209,"Hong Kong","Asia","Non-US","*"
210,"India","Asia","Non-US","*"
211,"Indonesia","Asia","Non-US","*"
212,"Iran","Asia","Non-US","*"
213,"Iraq","Asia","Non-US","*"
214,"Israel","Asia","Non-US","*"
215,"Japan","Asia","Non-US","*"
216,"Jordan","Asia","Non-US","*"
217,"Korea","Asia","Non-US","*"
218,"Kazakhstan","Asia","Non-US","*"
219,"Kyrgyzstan","Asia","Non-US","*"
222,"Kuwait","Asia","Non-US","*"
223,"Laos","Asia","Non-US","*"
224,"Lebanon","Asia","Non-US","*"
226,"Malaysia","Asia","Non-US","*"
228,"Mongolia","Asia","Non-US","*"
229,"Nepal","Asia","Non-US","*"
231,"Pakistan","Asia","Non-US","*"
233,"Philippines","Asia","Non-US","*"
235,"Saudi Arabia","Asia","Non-US","*"
236,"Singapore","Asia","Non-US","*"
238,"Sri Lanka","Asia","Non-US","*"
239,"Syria","Asia","Non-US","*"
240,"Taiwan","Asia","Non-US","*"
242,"Thailand","Asia","Non-US","*"
243,"Turkey","Asia","Non-US","*"
245,"United Arab Emirates","Asia","Non-US","*"
246,"Uzbekistan","Asia","Non-US","*"
247,"Vietnam","Asia","Non-US","*"
248,"Yemen","Asia","Non-US","*"
249,"Asia","Asia","Non-US","*"
253,"South Central Asia, Not Specified","Asia","Non-US","*"
254,"Other Asia, Not Specified","Asia","Non-US","*"
300,"Bermuda","North-America","Non-US","*"
301,"Canada","North-America","Non-US","*"
303,"Mexico","North-America","Non-US","*"
310,"Belize","North-America","Non-US","*"
311,"Costa Rica","North-America","Non-US","*"
312,"El Salvador","North-America","Non-US","*"
313,"Guatemala","North-America","Non-US","*"
314,"Honduras","North-America","Non-US","*"
315,"Nicaragua","North-America","Non-US","*"
316,"Panama","North-America","Non-US","*"
321,"Antigua and Barbuda","North-America","Non-US","*"
323,"Bahamas","North-America","Non-US","*"
324,"Barbados","North-America","Non-US","*"
327,"Cuba","North-America","Non-US","*"
328,"Dominica","North-America","Non-US","*"
329,"Dominican Republic","North-America","Non-US","*"
330,"Grenada","North-America","Non-US","*"
332,"Haiti","North-America","Non-US","*"
333,"Jamaica","North-America","Non-US","*"
338,"St. Kitts-Nevis","North-America","Non-US","*"
339,"St. Lucia","North-America","Non-US","*"
340,"St. Vincent and the Grenadines","North-America","Non-US","*"
341,"Trinidad and Tobago","North-America","Non-US","*"
343,"West Indies","North-America","Non-US","*"
344,"Caribbean, Not Specified","North-America","Non-US","*"
360,"Argentina","South-America","Non-US","*"
361,"Bolivia","South-America","Non-US","*"
362,"Brazil","South-America","Non-US","*"
363,"Chile","South-America","Non-US","*"
364,"Colombia","South-America","Non-US","*"
365,"Ecuador","South-America","Non-US","*"
368,"Guyana","South-America","Non-US","*"
369,"Paraguay","South-America","Non-US","*"
370,"Peru","South-America","Non-US","*"
372,"Uruguay","South-America","Non-US","*"
373,"Venezuela","South-America","Non-US","*"
374,"South America","South-America","Non-US","*"
399,"Americas, Not Specified","North-America","Non-US","*"
400,"Algeria","Africa","Non-US","*"
407,"Cameroon","Africa","Non-US","*"
408,"Cabo Verde","Africa","Non-US","*"
412,"Congo","Africa","Non-US","*"
414,"Egypt","Africa","Non-US","*"
416,"Ethiopia","Africa","Non-US","*"
417,"Eritrea","Africa","Non-US","*"
420,"Gambia","Africa","Non-US","*"
421,"Ghana","Africa","Non-US","*"
423,"Guinea","Africa","Non-US","*"
425,"Ivory Coast","Africa","Non-US","*"
427,"Kenya","Africa","Non-US","*"
429,"Liberia","Africa","Non-US","*"
430,"Libya","Africa","Non-US","*"
436,"Morocco","Africa","Non-US","*"
440,"Nigeria","Africa","Non-US","*"
442,"Rwanda","Africa","Non-US","*"
444,"Senegal","Africa","Non-US","*"
447,"Sierra Leone","Africa","Non-US","*"
448,"Somalia","Africa","Non-US","*"
449,"South Africa","Africa","Non-US","*"
451,"Sudan","Africa","Non-US","*"
453,"Tanzania","Africa","Non-US","*"
454,"Togo","Africa","Non-US","*"
456,"Tunisia","Africa","Non-US","*"
457,"Uganda","Africa","Non-US","*"
459,"Democratic Republic of Congo (Zaire)","Africa","Non-US","*"
460,"Zambia","Africa","Non-US","*"
461,"Zimbabwe","Africa","Non-US","*"
462,"Africa","Africa","Non-US","*"
463,"South Sudan","Africa","Non-US","*"
464,"Northern Africa, Not Specified","Africa","Non-US","*"
467,"Western Africa, Not Specified","Africa","Non-US","*"
468,"Other Africa, Not Specified","Africa","Non-US","*"
469,"Eastern Africa, Not Specified","Africa","Non-US","*"
501,"Australia","Oceania","Non-US","*"
508,"Fiji","Oceania","Non-US","*"
511,"Marshall Islands","Oceania","Non-US","*"
512,"Micronesia","Oceania","Non-US","*"
515,"New Zealand","Oceania","Non-US","*"
523,"Tonga","Oceania","Non-US","*"
527,"Samoa","Oceania","Non-US","*"
554,"Other US Island Areas, Oceania, Not Specified, or at Sea","Oceania","Non-US","*"