Device_ID,Device_Type,Network_Type,PLMN,Avg_Latency_ms,Connection_Drop_Rate_Pct
D1000,IoT Device,3G,24007,84,0.58
D1001,Tablet,5G,24002,18,0.13
D1002,Tablet,4G,24005,38,1.13
D1003,IoT Device,3G,20601,139,0.76
D1004,Smartphone,5G,20610,23,0.03
D1005,Smartphone,3G,23433,81,1.16
D1006,Tablet,4G,20601,62,0.94
D1007,Smartphone,4G,310480,65,0.38
D1008,Smartphone,5G,20601,30,0.35
D1009,IoT Device,4G,24008,56,0.41
D1010,Tablet,5G,23438,28,0.15
D1011,IoT Device,4G,20601,30,1.16
D1012,Tablet,5G,23410,15,0.35
D1013,Tablet,5G,20620,20,0.15
D1014,IoT Device,5G,20601,16,0.48
D1015,Tablet,5G,20620,20,0.06
D1016,Tablet,4G,24024,54,0.24
D1017,Tablet,4G,23420,52,0.95
D1018,Tablet,3G,24007,75,2.69
D1019,Tablet,4G,310410,64,0.27
D1020,IoT Device,4G,20620,54,0.21
D1021,IoT Device,5G,20620,19,0.42
D1022,IoT Device,5G,24016,29,0.44
D1023,Smartphone,5G,23415,21,0.29
D1024,IoT Device,4G,23410,34,0.16
D1025,Tablet,4G,310480,44,1.18
D1026,Tablet,5G,20605,12,0.43
D1027,Tablet,5G,20610,13,0.2
D1028,Tablet,5G,20601,24,0.32
D1029,Smartphone,4G,24024,53,0.33
D1030,IoT Device,4G,310260,52,0.39
D1031,Smartphone,5G,20605,18,0.35
D1032,Smartphone,5G,23430,30,0.04
D1033,IoT Device,5G,310410,30,0.09
D1034,IoT Device,3G,20605,101,0.99
D1035,IoT Device,3G,310120,118,1.31
D1036,Smartphone,4G,310120,70,1.06
D1037,Tablet,5G,23438,17,0.35
D1038,IoT Device,3G,24004,77,1.19
D1039,IoT Device,5G,24016,11,0.4
D1040,Smartphone,4G,24001,55,0.47
D1041,IoT Device,5G,24005,16,0.46
D1042,Smartphone,3G,23420,142,3.13
D1043,Tablet,4G,310410,50,0.4
D1044,Smartphone,4G,24008,61,0.65
D1045,Tablet,4G,23415,59,0.3
D1046,Smartphone,4G,24024,38,0.45
D1047,Smartphone,3G,310410,141,2.12
D1048,Tablet,4G,24024,67,0.7
D1049,Tablet,3G,310410,144,1.7
D1050,Tablet,5G,23430,17,0.5
D1051,Tablet,4G,23410,38,0.81
D1052,Smartphone,5G,23415,12,0.38
D1053,IoT Device,4G,23433,37,0.31
D1054,IoT Device,5G,23410,15,0.4
D1055,Smartphone,4G,20601,57,0.93
D1056,IoT Device,5G,23410,22,0.2
D1057,Smartphone,4G,24008,59,0.84
D1058,Smartphone,5G,23410,27,0.43
D1059,IoT Device,3G,310120,71,2.54
D1060,Smartphone,4G,24016,37,1.05
D1061,Smartphone,5G,24016,27,0.38
D1062,IoT Device,3G,310260,113,0.83
D1063,Smartphone,5G,24008,23,0.09
D1064,IoT Device,3G,24001,70,3.36
D1065,IoT Device,3G,24016,103,3.42
D1066,Smartphone,4G,310260,41,0.81
D1067,Smartphone,5G,23420,13,0.44
D1068,Smartphone,4G,310260,49,1.28
D1069,IoT Device,4G,310410,62,0.95
D1070,IoT Device,5G,20610,14,0.19
D1071,Tablet,5G,310120,15,0.27
D1072,IoT Device,4G,24002,63,1.39
D1073,IoT Device,4G,24004,68,0.55
D1074,Tablet,3G,310410,72,0.84
D1075,Smartphone,4G,23410,53,1.33
D1076,Tablet,5G,20601,19,0.13
D1077,Smartphone,5G,24005,17,0.44
D1078,Smartphone,3G,24008,80,0.76
D1079,IoT Device,5G,310480,25,0.41
D1080,IoT Device,4G,310120,64,1.17
D1081,Tablet,3G,23415,86,2.48
D1082,Smartphone,4G,310480,65,0.33
D1083,Smartphone,4G,20601,63,1.32
D1084,IoT Device,3G,24004,124,3.39
D1085,IoT Device,5G,310410,27,0.38
D1086,Tablet,3G,20601,95,2.64
D1087,Smartphone,5G,20610,22,0.5
D1088,Smartphone,4G,310120,53,0.71
D1089,IoT Device,5G,310480,26,0.23
D1090,Tablet,4G,24004,45,0.41
D1091,Smartphone,3G,24001,113,0.56
D1092,IoT Device,4G,24001,65,0.42
D1093,IoT Device,4G,23410,44,0.11
D1094,Smartphone,4G,24024,70,0.18
D1095,Smartphone,3G,20620,78,3.22
D1096,Tablet,4G,20605,51,0.2
D1097,IoT Device,4G,23420,45,0.49
D1098,Tablet,3G,20620,132,1.14
D1099,IoT Device,3G,24007,86,2.67
D1100,Smartphone,5G,24008,28,0.29
D1101,Tablet,3G,23420,101,2.85
D1102,Tablet,3G,310260,122,1.07
D1103,Smartphone,5G,310410,13,0.33
D1104,Tablet,3G,20605,115,1.77
D1105,Tablet,4G,24007,59,1.31
D1106,IoT Device,5G,23420,11,0.34
D1107,IoT Device,3G,23433,82,0.68
D1108,IoT Device,4G,310260,51,1.22
D1109,IoT Device,3G,23420,83,1.25
D1110,Smartphone,3G,20605,94,2.11
D1111,Tablet,3G,310260,87,1.77
D1112,Tablet,4G,24005,47,0.75
D1113,Tablet,5G,20610,12,0.23
D1114,IoT Device,3G,24002,140,0.79
D1115,Smartphone,3G,23430,139,3.01
D1116,Tablet,5G,20605,12,0.46
D1117,IoT Device,5G,20610,17,0.09
D1118,IoT Device,3G,310120,132,1.94
D1119,IoT Device,3G,23410,121,3.21
D1120,IoT Device,4G,310260,40,0.63
D1121,IoT Device,4G,20601,54,0.47
D1122,Tablet,4G,310410,59,0.5
D1123,Smartphone,5G,20601,27,0.33
D1124,Tablet,5G,23420,25,0.09
D1125,IoT Device,5G,24001,19,0.12
D1126,Tablet,3G,24002,77,2.24
D1127,Tablet,3G,310410,139,0.68
D1128,IoT Device,4G,24008,50,0.18
D1129,IoT Device,5G,23433,28,0.24
D1130,Smartphone,4G,24004,63,0.32
D1131,Smartphone,5G,20620,26,0.05
D1132,Tablet,4G,310120,41,0.2
D1133,Smartphone,5G,310260,12,0.34
D1134,Smartphone,5G,24024,17,0.21
D1135,Tablet,4G,24016,66,0.44
D1136,IoT Device,3G,24024,146,0.62
D1137,Tablet,5G,310120,12,0.22
D1138,IoT Device,4G,23415,67,0.89
D1139,Tablet,4G,24005,50,1.41
D1140,IoT Device,5G,23410,16,0.34
D1141,Smartphone,3G,310480,110,1.22
D1142,Tablet,4G,20610,55,0.28
D1143,Tablet,3G,23420,108,1.87
D1144,IoT Device,5G,23438,12,0.01
D1145,IoT Device,3G,20620,149,3.5
D1146,Tablet,4G,20620,36,0.2
D1147,IoT Device,4G,310260,43,0.81
D1148,Smartphone,3G,23438,86,3.3
D1149,Smartphone,5G,24024,12,0.44
D1150,Tablet,3G,310410,117,1.35
D1151,IoT Device,5G,20610,24,0.42
D1152,IoT Device,3G,23438,108,2.34
D1153,IoT Device,4G,23420,63,0.11
D1154,IoT Device,4G,23433,65,0.52
D1155,Tablet,4G,24004,36,1.41
D1156,Smartphone,5G,310120,14,0.14
D1157,Tablet,5G,24007,13,0.37
D1158,IoT Device,4G,24004,39,0.48
D1159,IoT Device,5G,310120,29,0.11
D1160,Tablet,4G,310120,51,0.39
D1161,Smartphone,5G,20610,30,0.43
D1162,IoT Device,5G,20605,26,0.25
D1163,IoT Device,4G,20605,33,0.23
D1164,Tablet,4G,24007,57,1.26
D1165,Tablet,5G,20601,11,0.01
D1166,IoT Device,3G,24024,86,2.41
D1167,IoT Device,3G,24002,103,0.98
D1168,IoT Device,5G,24002,24,0.28
D1169,Smartphone,5G,24008,23,0.28
D1170,Smartphone,5G,310410,13,0.05
D1171,Smartphone,3G,23410,89,2.14
D1172,Tablet,3G,24001,117,2.25
D1173,Smartphone,3G,23433,88,1.79
D1174,Smartphone,4G,20605,32,0.53
D1175,Tablet,3G,20605,75,3.2
D1176,Smartphone,5G,24005,16,0.34
D1177,IoT Device,4G,23420,36,0.6
D1178,Tablet,5G,24016,27,0.44
D1179,IoT Device,4G,310260,56,1.46
D1180,IoT Device,3G,23438,89,3.28
D1181,Tablet,3G,24002,100,3.09
D1182,Tablet,5G,310120,15,0.44
D1183,Smartphone,5G,23415,10,0.1
D1184,Tablet,3G,24007,112,2.85
D1185,IoT Device,4G,310480,56,1.22
D1186,Smartphone,3G,23410,101,1.3
D1187,IoT Device,5G,310480,13,0.2
D1188,Tablet,3G,20601,74,3.08
D1189,Smartphone,5G,310260,17,0.11
D1190,Tablet,3G,20601,128,1.55
D1191,Tablet,5G,20605,17,0.12
D1192,Tablet,5G,20605,16,0.21
D1193,Tablet,3G,20601,105,3.09
D1194,Tablet,5G,20610,18,0.18
D1195,IoT Device,4G,24008,62,0.66
D1196,IoT Device,4G,310480,64,0.56
D1197,IoT Device,3G,23430,73,0.85
D1198,Smartphone,4G,24024,46,0.35
D1199,IoT Device,3G,20610,103,0.61
D1200,IoT Device,3G,23438,146,1.8
D1201,Smartphone,3G,23433,110,1.81
D1202,Tablet,3G,24008,135,0.85
D1203,Smartphone,3G,23430,143,1.07
D1204,Smartphone,3G,20605,75,2.63
D1205,Tablet,4G,24004,30,0.83
D1206,Tablet,3G,20620,138,2.56
D1207,Smartphone,5G,24024,16,0.19
D1208,Tablet,4G,20601,34,1.43
D1209,Tablet,4G,24016,51,0.97
D1210,IoT Device,3G,310410,85,2.66
D1211,Tablet,5G,310480,19,0.26
D1212,Tablet,4G,310120,56,0.56
D1213,Tablet,3G,310480,107,2.16
D1214,Tablet,3G,24004,94,1.76
D1215,Smartphone,4G,24008,54,1.05
D1216,Tablet,5G,20620,15,0.31
D1217,IoT Device,4G,23433,49,0.67
D1218,Smartphone,5G,310260,10,0.16
D1219,Tablet,3G,20610,96,1.79
D1220,Tablet,3G,24001,144,2.32
D1221,IoT Device,4G,24001,50,0.75
D1222,IoT Device,3G,310480,126,2.53
D1223,IoT Device,4G,24004,62,0.76
D1224,Smartphone,5G,20620,15,0.33
D1225,IoT Device,5G,23438,19,0.26
D1226,Smartphone,3G,23420,149,1.51
D1227,IoT Device,5G,310480,17,0.34
D1228,Smartphone,3G,310120,98,2.92
D1229,IoT Device,4G,24016,39,0.13
D1230,Smartphone,4G,20605,45,1.48
D1231,Smartphone,5G,23438,29,0.43
D1232,Smartphone,5G,24024,12,0.23
D1233,IoT Device,5G,310260,30,0.29
D1234,Tablet,5G,20605,22,0.25
D1235,IoT Device,5G,20610,17,0.08
D1236,Tablet,5G,310480,10,0.45
D1237,Smartphone,4G,23420,36,1.19
D1238,IoT Device,3G,310480,98,1.03
D1239,IoT Device,3G,24001,136,1.89
D1240,Tablet,5G,20620,27,0.13
D1241,Smartphone,3G,24001,85,1.87
D1242,IoT Device,4G,24024,59,1.03
D1243,Smartphone,5G,23430,27,0.3
D1244,IoT Device,3G,20610,126,2.34
D1245,Smartphone,5G,23433,26,0.22
D1246,Smartphone,3G,24005,140,1.84
D1247,Smartphone,3G,24016,90,2.73
D1248,Smartphone,3G,24008,130,1.85
D1249,IoT Device,5G,23420,17,0.42
D1250,Smartphone,5G,20605,18,0.39
D1251,Smartphone,3G,20605,136,1.95
D1252,Tablet,3G,20605,100,1.32
D1253,Tablet,3G,24005,79,2.64
D1254,Smartphone,4G,23430,45,0.48
D1255,IoT Device,5G,23420,20,0.45
D1256,Tablet,3G,23430,80,0.92
D1257,Smartphone,5G,23415,17,0.2
D1258,IoT Device,4G,310260,39,1.09
D1259,Smartphone,3G,23430,78,1.74
D1260,IoT Device,5G,24001,20,0.28
D1261,IoT Device,3G,24004,123,0.69
D1262,IoT Device,3G,24005,123,1.67
D1263,Tablet,3G,24008,144,3.34
D1264,IoT Device,3G,24007,72,3.07
D1265,Tablet,3G,20620,143,1.64
D1266,Tablet,4G,310410,30,1.42
D1267,Smartphone,3G,24004,108,2.76
D1268,IoT Device,4G,310260,56,0.85
D1269,IoT Device,5G,23438,27,0.4
D1270,Tablet,4G,20601,44,0.78
D1271,Tablet,4G,23430,47,0.71
D1272,Tablet,5G,24001,10,0.2
D1273,Smartphone,5G,20605,22,0.36
D1274,IoT Device,3G,24002,129,3.26
D1275,Tablet,5G,23430,29,0.27
D1276,IoT Device,5G,310480,22,0.3
D1277,Smartphone,3G,24008,73,0.75
D1278,Smartphone,5G,20620,23,0.08
D1279,IoT Device,3G,24008,129,1.05
D1280,Smartphone,3G,20601,103,1.64
D1281,Tablet,4G,20605,43,0.74
D1282,IoT Device,4G,310410,51,1.17
D1283,Tablet,4G,310480,54,0.49
D1284,IoT Device,3G,20620,123,1.26
D1285,IoT Device,5G,20620,12,0.24
D1286,Tablet,4G,24007,64,0.17
D1287,Smartphone,5G,24024,21,0.12
D1288,Smartphone,5G,20610,12,0.39
D1289,Tablet,5G,20620,30,0.03
D1290,Tablet,5G,24004,10,0.48
D1291,Tablet,4G,20620,42,1.27
D1292,Smartphone,5G,23415,29,0.08
D1293,IoT Device,4G,23420,38,0.76
D1294,Smartphone,4G,310480,37,0.89
D1295,Smartphone,5G,310120,16,0.24
D1296,Smartphone,3G,24002,102,2.8
D1297,IoT Device,5G,23438,15,0.31
D1298,IoT Device,4G,23430,37,1.19
D1299,Tablet,4G,24008,40,1.45
D1300,IoT Device,5G,310260,13,0.29
D1301,Smartphone,3G,310260,109,2.23
D1302,Smartphone,3G,24005,118,1.69
D1303,IoT Device,3G,310120,95,0.73
D1304,Tablet,3G,24004,150,1.23
D1305,Tablet,4G,20610,49,1.29
D1306,Tablet,4G,20620,68,1.23
D1307,Smartphone,3G,23438,142,2.85
D1308,IoT Device,5G,20605,21,0.27
D1309,IoT Device,4G,24008,53,0.2
D1310,IoT Device,5G,24016,30,0.18
D1311,Smartphone,3G,310120,123,2.97
D1312,Smartphone,3G,24007,83,1.8
D1313,Smartphone,3G,24002,116,2.41
D1314,IoT Device,5G,24008,24,0.36
D1315,Tablet,5G,23438,23,0.1
D1316,Tablet,5G,310120,26,0.48
D1317,Smartphone,3G,24007,104,2.35
D1318,IoT Device,3G,24007,138,2.82
D1319,Tablet,5G,24002,24,0.22
D1320,Tablet,4G,310260,67,0.48
D1321,Tablet,4G,310120,45,1.26
D1322,IoT Device,4G,24016,35,0.49
D1323,Tablet,3G,24005,127,1.23
D1324,Smartphone,4G,310120,59,0.9
D1325,Tablet,3G,23420,118,1.51
D1326,Tablet,4G,23420,61,1.29
D1327,Smartphone,3G,310260,93,1.96
D1328,Smartphone,4G,310410,52,1.22
D1329,IoT Device,3G,310480,113,1.34
D1330,Smartphone,4G,23420,68,1.08
D1331,Tablet,4G,24016,47,0.88
D1332,Smartphone,3G,310480,136,3.34
D1333,IoT Device,4G,20610,35,0.44
D1334,Smartphone,4G,20601,56,0.78
D1335,Smartphone,3G,24002,100,2.57
D1336,Tablet,5G,24005,30,0.36
D1337,IoT Device,5G,20601,24,0.4
D1338,IoT Device,4G,24005,35,0.51
D1339,Smartphone,3G,24005,121,2.58
D1340,Smartphone,3G,23438,109,2.49
D1341,Tablet,3G,24007,117,1.92
D1342,IoT Device,4G,310410,63,0.58
D1343,IoT Device,5G,24001,27,0.17
D1344,IoT Device,3G,24001,128,1.31
D1345,Smartphone,4G,23420,46,0.42
D1346,Tablet,5G,310410,16,0.16
D1347,Smartphone,3G,20610,138,3.35
D1348,IoT Device,4G,310410,41,0.37
D1349,IoT Device,3G,24007,131,1.33
D1350,Tablet,5G,23433,28,0.49
D1351,Tablet,3G,23415,137,2.29
D1352,Smartphone,3G,20605,82,3.0
D1353,Tablet,3G,23420,107,1.18
D1354,Tablet,3G,310480,92,1.41
D1355,IoT Device,4G,20605,64,0.28
D1356,IoT Device,5G,20601,11,0.49
D1357,Tablet,3G,23420,140,1.38
D1358,Tablet,4G,310260,38,0.99
D1359,Tablet,3G,24005,132,0.81
D1360,IoT Device,3G,310260,71,2.22
D1361,Tablet,5G,23430,25,0.24
D1362,Tablet,3G,24004,113,1.05
D1363,IoT Device,4G,310410,33,0.45
D1364,Tablet,4G,23438,60,0.26
D1365,Tablet,5G,23438,12,0.21
D1366,Smartphone,3G,310480,79,2.23
D1367,Tablet,3G,23438,76,0.96
D1368,Tablet,5G,24024,28,0.48
D1369,Tablet,4G,310410,35,1.49
D1370,Smartphone,3G,310480,85,2.17
D1371,Tablet,5G,20610,23,0.31
D1372,Tablet,3G,23438,149,1.18
D1373,Tablet,4G,310120,63,0.63
D1374,Tablet,5G,23420,24,0.16
D1375,Smartphone,3G,310120,145,3.47
D1376,Tablet,5G,20601,19,0.29
D1377,Smartphone,4G,24008,33,0.95
D1378,Tablet,5G,310120,13,0.47
D1379,Tablet,4G,23415,43,0.98
D1380,IoT Device,3G,20620,103,2.48
D1381,IoT Device,3G,23415,90,1.22
D1382,Tablet,3G,20620,140,0.73
D1383,Smartphone,4G,20620,30,0.67
D1384,Smartphone,4G,310480,68,0.76
D1385,Tablet,3G,24024,74,1.19
D1386,Smartphone,4G,20601,48,1.08
D1387,IoT Device,4G,23433,59,0.2
D1388,Smartphone,5G,310410,17,0.46
D1389,Smartphone,5G,24001,30,0.3
D1390,Tablet,5G,310260,16,0.22
D1391,IoT Device,5G,23415,27,0.12
D1392,IoT Device,4G,24024,39,1.37
D1393,Smartphone,3G,23433,88,0.71
D1394,Tablet,4G,20605,40,1.21
D1395,Smartphone,3G,310410,146,2.75
D1396,Smartphone,4G,24004,66,1.39
D1397,Tablet,5G,310260,24,0.07
D1398,IoT Device,3G,24024,108,2.6
D1399,Smartphone,5G,24004,18,0.26
D1400,IoT Device,4G,24007,61,0.71
D1401,Smartphone,4G,24005,68,0.16
D1402,Smartphone,3G,24004,125,2.7
D1403,IoT Device,5G,20610,29,0.13
D1404,IoT Device,4G,23438,35,0.42
D1405,IoT Device,4G,20620,66,0.92
D1406,Tablet,3G,20610,72,3.5
D1407,IoT Device,4G,23433,47,0.91
D1408,Smartphone,3G,20605,92,1.91
D1409,Smartphone,3G,20605,126,3.25
D1410,IoT Device,4G,24002,41,1.5
D1411,Smartphone,3G,310260,125,2.4
D1412,Smartphone,4G,24024,61,1.46
D1413,Tablet,3G,23430,130,1.54
D1414,Tablet,3G,20620,112,1.46
D1415,Tablet,4G,23433,36,1.3
D1416,Smartphone,5G,310260,20,0.21
D1417,Tablet,4G,23438,61,0.5
D1418,Smartphone,4G,24005,55,1.24
D1419,IoT Device,3G,23415,140,0.61
D1420,Smartphone,3G,24008,81,1.44
D1421,IoT Device,4G,20610,50,0.26
D1422,Smartphone,5G,310260,22,0.43
D1423,IoT Device,5G,24016,10,0.33
D1424,Tablet,4G,23420,64,0.75
D1425,Smartphone,5G,20610,11,0.1
D1426,Smartphone,3G,20601,116,2.37
D1427,Tablet,5G,310410,25,0.32
D1428,Smartphone,5G,310120,11,0.11
D1429,IoT Device,3G,20605,140,0.89
D1430,Tablet,3G,310480,106,1.81
D1431,Tablet,3G,20620,132,0.86
D1432,Smartphone,5G,310480,30,0.31
D1433,Tablet,4G,23410,45,1.09
D1434,IoT Device,5G,23433,19,0.28
D1435,Tablet,5G,23438,27,0.21
D1436,Smartphone,3G,23433,98,3.48
D1437,Tablet,4G,24005,37,0.75
D1438,Tablet,4G,20605,37,1.01
D1439,Smartphone,4G,23433,39,0.8
D1440,Smartphone,5G,310260,19,0.26
D1441,Smartphone,4G,310260,47,0.68
D1442,IoT Device,4G,310260,60,1.47
D1443,IoT Device,4G,23410,45,0.74
D1444,Smartphone,5G,310120,14,0.2
D1445,Smartphone,3G,310410,146,2.02
D1446,Tablet,4G,23410,38,1.31
D1447,IoT Device,5G,310120,18,0.39
D1448,Tablet,3G,24002,123,1.52
D1449,IoT Device,4G,20601,62,0.47
D1450,IoT Device,3G,20610,70,1.35
D1451,Smartphone,3G,20620,108,3.01
D1452,IoT Device,5G,20620,28,0.5
D1453,Tablet,5G,310480,25,0.43
D1454,Tablet,5G,20605,24,0.27
D1455,Tablet,4G,310120,52,0.57
D1456,IoT Device,5G,20620,27,0.19
D1457,Smartphone,3G,20610,111,3.11
D1458,Tablet,5G,23438,17,0.29
D1459,Tablet,5G,20620,17,0.43
D1460,Tablet,5G,20601,23,0.03
D1461,IoT Device,4G,24004,60,1.09
D1462,Smartphone,5G,20605,22,0.2
D1463,Tablet,4G,23410,39,0.79
D1464,Tablet,3G,20601,74,0.88
D1465,Tablet,5G,23430,28,0.17
D1466,Smartphone,3G,310120,82,3.12
D1467,IoT Device,5G,23433,24,0.06
D1468,Tablet,5G,23438,24,0.02
D1469,IoT Device,4G,20610,39,0.67
D1470,Tablet,4G,24001,39,0.2
D1471,Tablet,5G,23430,18,0.18
D1472,Smartphone,4G,24004,55,1.01
D1473,Smartphone,3G,23438,112,3.06
D1474,IoT Device,5G,24008,27,0.2
D1475,IoT Device,5G,24016,20,0.32
D1476,Smartphone,5G,23415,25,0.44
D1477,IoT Device,4G,23430,32,0.96
D1478,Smartphone,3G,310410,100,2.39
D1479,Smartphone,4G,23420,48,1.5
D1480,Smartphone,3G,24007,81,1.8
D1481,Tablet,4G,24024,36,1.16
D1482,Tablet,4G,310480,36,0.72
D1483,Smartphone,4G,24016,49,1.36
D1484,Smartphone,4G,310410,32,0.55
D1485,IoT Device,3G,310480,77,1.38
D1486,IoT Device,5G,310260,21,0.22
D1487,Smartphone,5G,20620,17,0.27
D1488,Smartphone,5G,310120,28,0.34
D1489,Smartphone,3G,24007,93,1.01
D1490,Smartphone,3G,310120,80,2.33
D1491,IoT Device,3G,310480,118,2.36
D1492,Smartphone,3G,24007,100,1.99
D1493,IoT Device,4G,24005,67,0.3
D1494,Tablet,5G,24016,24,0.32
D1495,IoT Device,4G,24007,59,0.46
D1496,Tablet,4G,24007,30,1.36
D1497,Tablet,3G,310120,129,3.2
D1498,IoT Device,5G,24002,27,0.09
D1499,IoT Device,3G,24024,126,3.34
D1500,Smartphone,4G,20601,67,0.52
D1501,Tablet,3G,23433,124,2.57
D1502,Tablet,3G,310410,128,3.04
D1503,IoT Device,5G,23420,16,0.5
D1504,Tablet,5G,20601,25,0.06
D1505,Smartphone,4G,310480,54,0.9
D1506,Tablet,3G,24004,143,1.39
D1507,Tablet,3G,20610,107,0.57
D1508,Tablet,3G,23438,120,1.32
D1509,IoT Device,3G,24001,142,3.1
D1510,IoT Device,3G,24024,76,3.23
D1511,Smartphone,3G,24004,133,3.0
D1512,Smartphone,3G,24016,106,2.83
D1513,Smartphone,4G,23438,44,0.95
D1514,IoT Device,3G,23430,115,1.16
D1515,Smartphone,5G,23430,16,0.31
D1516,Tablet,5G,310410,14,0.32
D1517,IoT Device,5G,20601,30,0.33
D1518,Smartphone,4G,310260,49,1.2
D1519,Smartphone,5G,20610,11,0.29
D1520,Smartphone,5G,20605,14,0.05
D1521,Smartphone,3G,24004,107,1.48
D1522,IoT Device,4G,310410,56,0.35
D1523,Smartphone,5G,24004,14,0.4
D1524,IoT Device,4G,310480,53,0.84
D1525,Tablet,4G,310120,47,1.26
D1526,IoT Device,5G,23433,18,0.46
D1527,IoT Device,4G,20605,60,1.45
D1528,IoT Device,5G,23420,19,0.38
D1529,IoT Device,4G,20601,51,1.23
D1530,IoT Device,3G,23415,129,3.39
D1531,Smartphone,5G,310260,14,0.38
D1532,IoT Device,5G,23415,17,0.43
D1533,Smartphone,3G,23415,120,3.4
D1534,Smartphone,5G,20601,27,0.19
D1535,IoT Device,5G,24008,22,0.02
D1536,Smartphone,3G,24007,138,0.87
D1537,Smartphone,3G,24008,117,2.52
D1538,Tablet,4G,23430,46,0.92
D1539,IoT Device,5G,310120,30,0.47
D1540,Tablet,5G,24024,13,0.34
D1541,Smartphone,4G,20610,60,0.14
D1542,IoT Device,3G,310120,141,1.48
D1543,IoT Device,4G,23430,69,0.41
D1544,IoT Device,3G,23438,78,2.41
D1545,IoT Device,4G,20620,59,1.37
D1546,Smartphone,4G,24004,49,1.01
D1547,Tablet,4G,24008,37,0.3
D1548,Smartphone,3G,24016,74,1.41
D1549,Smartphone,5G,24008,25,0.07
D1550,Smartphone,5G,20610,17,0.44
D1551,Tablet,4G,24008,38,0.64
D1552,Tablet,5G,23410,21,0.34
D1553,Tablet,3G,310120,139,1.76
D1554,IoT Device,4G,20610,39,1.34
D1555,Smartphone,3G,310260,82,3.0
D1556,Tablet,4G,24016,69,0.67
D1557,Tablet,4G,23420,47,0.15
D1558,IoT Device,5G,20610,21,0.12
D1559,Smartphone,3G,20601,126,3.35
D1560,Tablet,4G,24001,53,0.24
D1561,Tablet,3G,310410,117,2.13
D1562,IoT Device,4G,20620,52,0.18
D1563,Tablet,5G,310410,18,0.1
D1564,Smartphone,5G,24024,13,0.48
D1565,Tablet,5G,23420,24,0.05
D1566,IoT Device,5G,23415,16,0.32
D1567,IoT Device,3G,23433,146,3.41
D1568,Tablet,5G,23438,11,0.4
D1569,Tablet,4G,23415,45,1.48
D1570,IoT Device,3G,23430,142,1.12
D1571,Smartphone,3G,23438,140,1.12
D1572,Smartphone,5G,23410,16,0.41
D1573,IoT Device,4G,20601,44,0.56
D1574,Tablet,5G,23415,14,0.4
D1575,Tablet,5G,20610,29,0.01
D1576,Tablet,4G,24004,39,1.48
D1577,Smartphone,3G,310480,139,1.25
D1578,Tablet,3G,23415,92,0.83
D1579,IoT Device,5G,310260,10,0.07
D1580,Smartphone,5G,20610,21,0.4
D1581,Smartphone,5G,20620,17,0.3
D1582,IoT Device,5G,24004,10,0.1
D1583,Tablet,4G,24016,33,0.28
D1584,Smartphone,3G,23415,123,2.08
D1585,Smartphone,3G,20601,78,1.93
D1586,IoT Device,5G,23420,21,0.26
D1587,Smartphone,5G,23420,13,0.23
D1588,IoT Device,3G,310410,98,3.34
D1589,Tablet,4G,23430,32,1.12
D1590,Tablet,3G,23430,136,1.4
D1591,Tablet,4G,20605,31,0.19
D1592,Smartphone,3G,23438,131,3.04
D1593,IoT Device,5G,310410,23,0.35
D1594,Tablet,3G,20605,132,2.64
D1595,Tablet,3G,20601,126,0.72
D1596,Tablet,5G,310120,12,0.17
D1597,IoT Device,5G,20620,14,0.04
D1598,IoT Device,5G,23438,18,0.32
D1599,Smartphone,3G,310480,144,2.15
D1600,IoT Device,5G,23430,20,0.2
D1601,Smartphone,3G,310260,146,2.09
D1602,Tablet,4G,20610,59,0.81
D1603,Smartphone,4G,310120,57,0.24
D1604,Smartphone,3G,24008,84,3.06
D1605,Smartphone,4G,24005,65,1.11
D1606,Smartphone,5G,23433,16,0.22
D1607,IoT Device,3G,20605,99,1.74
D1608,IoT Device,4G,23415,59,0.66
D1609,Tablet,5G,23420,13,0.16
D1610,IoT Device,4G,24016,50,1.03
D1611,IoT Device,3G,24007,117,3.36
D1612,Tablet,5G,20620,25,0.04
D1613,Tablet,5G,310120,12,0.06
D1614,Smartphone,5G,20601,13,0.37
D1615,IoT Device,5G,23433,21,0.41
D1616,IoT Device,3G,310480,141,0.68
D1617,Tablet,3G,310120,141,2.19
D1618,Smartphone,5G,20610,13,0.21
D1619,IoT Device,5G,20605,23,0.44
D1620,Tablet,3G,24002,76,3.41
D1621,Smartphone,5G,310480,29,0.16
D1622,Tablet,4G,310120,36,0.91
D1623,Tablet,5G,24007,16,0.09
D1624,Tablet,4G,23430,60,0.41
D1625,IoT Device,5G,310480,13,0.18
D1626,Tablet,4G,23415,65,0.61
D1627,Tablet,3G,310120,105,2.22
D1628,Tablet,5G,20610,23,0.42
D1629,Tablet,3G,23410,149,2.34
D1630,Smartphone,4G,20610,65,0.14
D1631,Smartphone,5G,23430,18,0.02
D1632,Smartphone,3G,20601,104,2.61
D1633,IoT Device,4G,310260,49,1.39
D1634,Smartphone,4G,23438,52,0.11
D1635,IoT Device,4G,23420,39,0.89
D1636,IoT Device,4G,20601,55,0.2
D1637,IoT Device,5G,24008,30,0.49
D1638,Smartphone,5G,24002,12,0.38
D1639,Smartphone,4G,310480,43,0.63
D1640,Tablet,4G,20610,59,0.58
D1641,Smartphone,5G,24002,21,0.16
D1642,IoT Device,3G,310260,111,2.83
D1643,Smartphone,5G,23410,28,0.3
D1644,IoT Device,5G,24002,11,0.09
D1645,Tablet,4G,23433,69,0.17
D1646,IoT Device,5G,20610,12,0.14
D1647,IoT Device,3G,23430,124,1.96
D1648,IoT Device,3G,310260,126,1.74
D1649,Smartphone,3G,24005,97,2.76
D1650,IoT Device,4G,20620,37,0.58
D1651,Tablet,5G,23433,13,0.15
D1652,IoT Device,4G,24016,67,0.78
D1653,Smartphone,3G,20610,109,0.64
D1654,Smartphone,4G,310260,55,1.48
D1655,IoT Device,3G,24005,77,0.52
D1656,Tablet,4G,23433,49,1.42
D1657,Smartphone,5G,23430,14,0.38
D1658,Smartphone,3G,24001,107,1.48
D1659,Tablet,5G,310480,10,0.25
D1660,IoT Device,3G,310260,125,1.03
D1661,Smartphone,4G,24008,54,0.85
D1662,Smartphone,5G,20620,17,0.26
D1663,Smartphone,4G,24016,52,0.2
D1664,IoT Device,4G,20605,32,0.71
D1665,IoT Device,4G,23433,59,1.39
D1666,Tablet,5G,24001,20,0.29
D1667,Smartphone,4G,24004,66,0.67
D1668,Smartphone,4G,24001,70,0.68
D1669,Smartphone,3G,310120,84,1.72
D1670,Tablet,5G,310410,20,0.09
D1671,Tablet,4G,23430,69,0.74
D1672,IoT Device,4G,24024,53,0.22
D1673,IoT Device,3G,20601,83,1.23
D1674,Tablet,3G,23438,145,1.7
D1675,IoT Device,4G,23415,35,0.65
D1676,Smartphone,4G,23433,49,1.14
D1677,IoT Device,4G,24005,44,0.57
D1678,IoT Device,5G,23410,15,0.05
D1679,IoT Device,5G,310260,30,0.07
D1680,Smartphone,4G,24004,62,0.37
D1681,IoT Device,4G,23420,52,0.59
D1682,IoT Device,5G,24008,30,0.41
D1683,Smartphone,5G,20620,17,0.06
D1684,Smartphone,3G,23415,102,1.09
D1685,IoT Device,3G,20601,147,0.96
D1686,Tablet,4G,23438,34,0.35
D1687,Smartphone,5G,23433,30,0.25
D1688,IoT Device,3G,20601,142,2.78
D1689,Smartphone,3G,20605,127,2.54
D1690,Tablet,4G,23430,66,1.0
D1691,IoT Device,4G,310480,69,0.55
D1692,Tablet,3G,20610,150,1.45
D1693,Tablet,5G,310120,24,0.04
D1694,Tablet,3G,310410,126,2.39
D1695,Tablet,5G,24007,18,0.3
D1696,IoT Device,4G,20605,52,0.81
D1697,Smartphone,3G,23438,109,1.89
D1698,Tablet,5G,20601,11,0.04
D1699,Smartphone,3G,310120,106,0.73
D1700,IoT Device,5G,23438,12,0.31
D1701,Smartphone,5G,24004,26,0.2
D1702,Smartphone,4G,310260,67,0.88
D1703,Smartphone,4G,23420,32,0.73
D1704,Tablet,4G,24008,66,1.01
D1705,IoT Device,4G,310480,50,0.95
D1706,IoT Device,5G,20610,26,0.08
D1707,IoT Device,5G,20610,11,0.23
D1708,Smartphone,3G,310260,113,3.45
D1709,Smartphone,5G,310120,12,0.26
D1710,Smartphone,3G,20610,92,0.62
D1711,Tablet,4G,23420,58,1.49
D1712,Tablet,3G,23420,137,2.07
D1713,IoT Device,3G,20610,90,1.59
D1714,Tablet,4G,23433,48,0.64
D1715,Smartphone,3G,24007,113,2.54
D1716,IoT Device,4G,310480,33,1.2
D1717,Tablet,5G,24005,30,0.17
D1718,IoT Device,5G,24007,20,0.06
D1719,IoT Device,5G,20601,22,0.15
D1720,Tablet,4G,310410,68,1.32
D1721,Tablet,3G,20620,112,0.74
D1722,Tablet,5G,20610,14,0.46
D1723,IoT Device,5G,20620,19,0.48
D1724,Tablet,4G,310260,55,0.28
D1725,Smartphone,5G,24001,12,0.16
D1726,IoT Device,3G,24005,118,2.43
D1727,Smartphone,4G,20601,51,1.24
D1728,IoT Device,4G,20605,63,0.23
D1729,IoT Device,5G,23410,23,0.26
D1730,IoT Device,5G,24004,10,0.19
D1731,IoT Device,4G,23430,41,1.43
D1732,Smartphone,5G,310120,20,0.47
D1733,Tablet,4G,24001,61,0.37
D1734,Tablet,4G,310120,38,0.32
D1735,IoT Device,4G,24002,48,1.28
D1736,IoT Device,5G,20601,13,0.26
D1737,Tablet,4G,310410,64,1.27
D1738,Tablet,4G,23438,63,0.15
D1739,IoT Device,4G,24004,51,1.33
D1740,IoT Device,3G,310480,149,0.89
D1741,Smartphone,3G,23430,118,0.96
D1742,IoT Device,4G,310120,41,1.26
D1743,Smartphone,4G,20610,69,1.23
D1744,Tablet,4G,20601,40,1.11
D1745,Tablet,5G,310410,11,0.21
D1746,Tablet,3G,310120,100,3.41
D1747,Smartphone,5G,24008,29,0.15
D1748,Smartphone,5G,20620,24,0.12
D1749,Smartphone,4G,24008,45,0.53
D1750,IoT Device,3G,23410,130,3.21
D1751,Tablet,5G,23438,16,0.19
D1752,Tablet,4G,310260,66,1.48
D1753,Smartphone,3G,310480,129,2.81
D1754,Tablet,5G,310120,22,0.26
D1755,Tablet,3G,23438,123,3.4
D1756,Smartphone,5G,24005,16,0.4
D1757,Smartphone,3G,23430,87,3.12
D1758,Tablet,4G,23433,33,1.0
D1759,IoT Device,4G,20620,53,0.88
D1760,Tablet,4G,20610,36,1.1
D1761,Tablet,3G,20601,136,3.05
D1762,Smartphone,4G,310260,48,0.22
D1763,Smartphone,5G,310120,15,0.14
D1764,Tablet,3G,310260,135,0.94
D1765,IoT Device,3G,310120,125,0.78
D1766,IoT Device,3G,310120,98,2.95
D1767,Tablet,4G,310410,52,1.4
D1768,Tablet,5G,310480,23,0.04
D1769,IoT Device,5G,20601,26,0.19
D1770,Smartphone,3G,24007,119,3.48
D1771,Smartphone,5G,23415,21,0.12
D1772,Tablet,3G,24005,110,3.29
D1773,Smartphone,4G,23420,51,1.21
D1774,IoT Device,3G,20605,87,0.61
D1775,Tablet,4G,310480,60,1.07
D1776,Smartphone,5G,23430,14,0.38
D1777,Tablet,4G,20601,60,0.73
D1778,Smartphone,3G,20605,70,3.22
D1779,Tablet,3G,20601,72,1.27
D1780,Smartphone,3G,24001,89,2.15
D1781,Tablet,4G,310480,68,0.84
D1782,Tablet,3G,20610,84,2.83
D1783,Smartphone,4G,310410,45,0.52
D1784,IoT Device,5G,20610,11,0.13
D1785,Tablet,4G,23420,70,1.21
D1786,Smartphone,3G,310480,128,0.69
D1787,IoT Device,4G,310120,61,0.94
D1788,Tablet,3G,310480,72,2.4
D1789,Tablet,3G,310120,143,1.23
D1790,IoT Device,5G,24008,14,0.15
D1791,Tablet,4G,23430,30,0.96
D1792,Tablet,3G,20601,100,2.21
D1793,Tablet,4G,23433,41,1.03
D1794,Tablet,5G,20605,12,0.27
D1795,IoT Device,5G,310120,21,0.04
D1796,IoT Device,5G,23415,26,0.28
D1797,Smartphone,4G,24008,62,0.88
D1798,Smartphone,5G,24001,22,0.44
D1799,Smartphone,4G,23430,32,0.99
D1800,IoT Device,4G,20620,53,0.46
D1801,IoT Device,3G,24002,72,1.57
D1802,Tablet,5G,24004,12,0.18
D1803,Tablet,3G,24004,150,0.81
D1804,IoT Device,4G,20620,67,1.13
D1805,Tablet,5G,310260,20,0.08
D1806,Smartphone,4G,310120,52,0.86
D1807,Smartphone,5G,310480,30,0.1
D1808,Smartphone,4G,310260,59,1.47
D1809,Tablet,3G,310260,131,2.4
D1810,IoT Device,5G,20610,14,0.04
D1811,IoT Device,4G,310410,59,0.15
D1812,IoT Device,3G,20620,95,0.63
D1813,IoT Device,4G,23420,42,1.34
D1814,Tablet,4G,24002,50,1.41
D1815,Tablet,4G,23430,62,0.66
D1816,IoT Device,3G,310410,139,1.92
D1817,IoT Device,5G,310260,11,0.38
D1818,Smartphone,5G,20605,16,0.15
D1819,IoT Device,3G,23410,76,3.1
D1820,IoT Device,4G,23433,51,0.48
D1821,Smartphone,5G,23415,21,0.22
D1822,Tablet,3G,24002,121,2.73
D1823,IoT Device,3G,20610,119,1.52
D1824,IoT Device,4G,310260,41,0.79
D1825,Tablet,3G,20620,133,1.6
D1826,IoT Device,3G,23438,136,1.3
D1827,IoT Device,4G,24016,35,1.12
D1828,IoT Device,3G,24016,80,1.79
D1829,IoT Device,3G,24004,93,2.14
D1830,Smartphone,5G,23420,20,0.06
D1831,IoT Device,5G,20620,20,0.33
D1832,IoT Device,3G,310410,109,1.84
D1833,IoT Device,3G,20601,124,1.0
D1834,IoT Device,3G,24007,126,1.55
D1835,IoT Device,5G,23420,11,0.37
D1836,Tablet,5G,20610,21,0.31
D1837,Smartphone,4G,20610,57,0.48
D1838,Tablet,5G,23430,11,0.05
D1839,Tablet,4G,23438,70,0.67
D1840,Tablet,5G,23430,26,0.4
D1841,IoT Device,5G,310410,15,0.48
D1842,IoT Device,3G,23438,88,3.05
D1843,Tablet,4G,310120,58,0.15
D1844,Tablet,4G,20620,34,0.43
D1845,Smartphone,3G,23430,116,1.59
D1846,Tablet,4G,24001,66,0.15
D1847,IoT Device,3G,20610,89,2.54
D1848,IoT Device,5G,23438,21,0.19
D1849,Tablet,5G,23438,12,0.29
D1850,Tablet,5G,23410,26,0.19
D1851,Tablet,3G,20620,110,2.45
D1852,Tablet,3G,20605,101,3.38
D1853,Smartphone,3G,23430,73,2.71
D1854,IoT Device,5G,23420,25,0.26
D1855,Smartphone,3G,24001,141,0.85
D1856,IoT Device,3G,20610,103,2.61
D1857,Tablet,3G,24016,97,3.49
D1858,IoT Device,3G,310410,106,2.58
D1859,Smartphone,5G,23410,25,0.11
D1860,IoT Device,4G,310260,38,1.29
D1861,IoT Device,5G,20605,24,0.09
D1862,Tablet,5G,24008,24,0.5
D1863,Tablet,5G,310410,20,0.34
D1864,Tablet,4G,23420,34,0.87
D1865,IoT Device,3G,23430,107,3.17
D1866,Smartphone,5G,20610,15,0.36
D1867,Smartphone,5G,23438,30,0.1
D1868,Tablet,3G,310480,116,2.03
D1869,IoT Device,3G,20620,85,3.46
D1870,IoT Device,4G,310120,38,0.43
D1871,IoT Device,3G,24016,133,0.58
D1872,IoT Device,3G,310120,140,2.22
D1873,IoT Device,4G,23438,59,1.23
D1874,Tablet,3G,23410,140,0.89
D1875,IoT Device,4G,20605,35,0.19
D1876,IoT Device,4G,23420,55,1.5
D1877,Tablet,3G,23433,131,2.08
D1878,IoT Device,3G,24016,122,2.97
D1879,Tablet,5G,24004,12,0.07
D1880,IoT Device,5G,310120,20,0.32
D1881,IoT Device,3G,310410,127,1.9
D1882,Smartphone,3G,24004,136,1.53
D1883,Tablet,4G,23410,65,1.0
D1884,Smartphone,3G,24005,93,2.8
D1885,Smartphone,3G,310410,86,1.8
D1886,Tablet,5G,24016,11,0.42
D1887,IoT Device,3G,20620,136,0.96
D1888,Tablet,5G,310480,15,0.09
D1889,IoT Device,5G,310260,17,0.18
D1890,Tablet,3G,20605,136,3.18
D1891,Smartphone,4G,310410,35,0.45
D1892,Smartphone,5G,24007,30,0.48
D1893,Smartphone,5G,23415,18,0.07
D1894,Tablet,3G,310260,108,2.34
D1895,IoT Device,5G,23410,12,0.26
D1896,Tablet,5G,23438,15,0.3
D1897,Tablet,4G,20601,67,0.32
D1898,Smartphone,3G,20601,149,2.66
D1899,IoT Device,5G,23420,29,0.18
D1900,IoT Device,3G,24007,142,0.62
D1901,IoT Device,3G,20601,73,0.74
D1902,IoT Device,5G,20620,30,0.39
D1903,IoT Device,5G,24004,18,0.33
D1904,Tablet,4G,24002,66,0.68
D1905,IoT Device,4G,23420,70,0.14
D1906,Smartphone,5G,24001,30,0.28
D1907,IoT Device,3G,24004,108,1.95
D1908,Tablet,4G,23433,55,0.52
D1909,IoT Device,5G,23410,12,0.35
D1910,Smartphone,3G,23433,90,1.82
D1911,Smartphone,3G,23410,131,1.89
D1912,Tablet,5G,310410,20,0.31
D1913,Tablet,4G,24001,50,1.31
D1914,Tablet,3G,23415,110,2.7
D1915,Tablet,4G,310480,52,1.47
D1916,IoT Device,3G,24007,86,2.78
D1917,Smartphone,4G,23430,62,0.89
D1918,Tablet,3G,24016,110,1.23
D1919,Tablet,4G,310120,37,0.47
D1920,Tablet,3G,310410,101,0.92
D1921,Smartphone,3G,23438,76,1.37
D1922,IoT Device,5G,310410,22,0.43
D1923,IoT Device,4G,23430,56,0.45
D1924,IoT Device,3G,20605,90,2.94
D1925,Smartphone,3G,23438,143,2.66
D1926,Smartphone,5G,310410,16,0.38
D1927,Smartphone,4G,23430,61,1.49
D1928,Tablet,5G,310410,24,0.25
D1929,Smartphone,5G,310480,19,0.25
D1930,IoT Device,3G,310260,81,3.34
D1931,Smartphone,3G,23438,134,1.87
D1932,Smartphone,4G,23415,45,0.4
D1933,Tablet,5G,24002,21,0.03
D1934,Tablet,5G,310120,19,0.25
D1935,IoT Device,4G,23433,60,0.5
D1936,Smartphone,3G,23415,71,3.04
D1937,IoT Device,5G,310480,23,0.08
D1938,IoT Device,4G,23433,46,1.12
D1939,Smartphone,5G,23410,22,0.19
D1940,IoT Device,4G,310480,55,0.17
D1941,IoT Device,5G,310480,27,0.11
D1942,IoT Device,5G,20601,27,0.15
D1943,IoT Device,5G,23438,22,0.26
D1944,IoT Device,4G,310410,65,0.49
D1945,Tablet,4G,24007,69,1.05
D1946,IoT Device,4G,24016,37,0.28
D1947,Smartphone,5G,24016,13,0.2
D1948,Smartphone,5G,24005,20,0.28
D1949,Smartphone,3G,20601,116,2.76
D1950,IoT Device,4G,24007,42,0.94
D1951,Tablet,4G,310410,55,0.8
D1952,Tablet,3G,20601,75,0.62
D1953,IoT Device,3G,24002,112,2.91
D1954,Tablet,3G,20620,136,1.87
D1955,Tablet,5G,20610,29,0.45
D1956,IoT Device,4G,20605,38,0.56
D1957,Tablet,3G,24008,148,1.46
D1958,IoT Device,5G,23438,22,0.5
D1959,IoT Device,5G,23420,19,0.3
D1960,Smartphone,5G,24004,26,0.42
D1961,Tablet,5G,24005,27,0.25
D1962,Smartphone,4G,310260,66,0.52
D1963,Smartphone,5G,310120,10,0.19
D1964,IoT Device,3G,20610,84,3.44
D1965,Smartphone,3G,310260,144,1.42
D1966,IoT Device,5G,310120,30,0.02
D1967,IoT Device,4G,20610,60,0.47
D1968,Smartphone,5G,310480,30,0.39
D1969,Tablet,4G,23430,67,0.91
D1970,Smartphone,3G,24001,76,2.25
D1971,Smartphone,5G,23410,15,0.27
D1972,Tablet,4G,24002,69,1.18
D1973,IoT Device,3G,20605,118,0.94
D1974,IoT Device,4G,24005,45,0.14
D1975,Smartphone,3G,24007,84,1.07
D1976,Tablet,5G,24004,24,0.16
D1977,Tablet,4G,24002,39,0.68
D1978,Tablet,3G,24016,96,1.73
D1979,Tablet,4G,20610,69,1.39
D1980,IoT Device,4G,20620,33,1.09
D1981,Tablet,3G,310410,136,1.12
D1982,Tablet,3G,24005,111,3.49
D1983,Smartphone,4G,23430,60,0.84
D1984,Tablet,5G,310480,20,0.48
D1985,IoT Device,4G,310120,59,1.38
D1986,IoT Device,4G,24005,51,0.86
D1987,Tablet,3G,23430,103,2.33
D1988,Tablet,3G,23438,94,3.37
D1989,Smartphone,4G,310410,47,0.88
D1990,Tablet,4G,310120,44,1.42
D1991,Tablet,3G,24016,108,2.81
D1992,Smartphone,5G,310410,16,0.35
D1993,IoT Device,3G,20620,132,1.45
D1994,Tablet,4G,310260,52,0.88
D1995,Tablet,5G,20610,18,0.15
D1996,Tablet,5G,23430,28,0.34
D1997,IoT Device,3G,20605,118,3.19
D1998,Tablet,5G,310480,22,0.41
D1999,Tablet,5G,23433,14,0.15
