Linkage_Index,City,Region,Country,Postal Code,Latitude,Longitude,Timezone,ISP,Organization,Autonomous System
11,Whitehall,Ohio,United States,43218,39.9747,-82.8947,America/New_York,DoD Network Information Center,DoD Network Information Center,AS749 DoD Network Information Center
16,Paris,Île-de-France,France,75000,48.8566,2.35222,Europe/Paris,Societe Francaise Du Radiotelephone - SFR SA,SFR User Data,AS15557 Societe Francaise Du Radiotelephone - SFR SA
24,Fort Collins,Colorado,United States,80526,40.5603,-105.081,America/Denver,USDA,USDA Office of Operations,AS4152 USDA
28,Chicago,Illinois,United States,60666,41.8781,-87.6298,America/Chicago,"T-Mobile USA, Inc.","T-Mobile USA, Inc.","AS21928 T-Mobile USA, Inc."
31,Sierra Vista,Arizona,United States,85613,31.5552,-110.35,America/Phoenix,CONUS-YPG,USAISC,AS749 DoD Network Information Center
33,Whitehall,Ohio,United States,43218,39.9747,-82.8947,America/New_York,DoD Network Information Center,DoD Network Information Center,AS749 DoD Network Information Center
48,Sierra Vista,Arizona,United States,85613,31.5552,-110.35,America/Phoenix,DoD Network Information Center,USAISC,AS721 DoD Network Information Center
57,Bremen,Bremen,Germany,28195,53.0832,8.78828,Europe/Berlin,Deutsche Telekom AG,Deutsche Telekom AG,AS3320 Deutsche Telekom AG
58,Boydton,Virginia,United States,23917,36.677696,-78.37471,America/New_York,Microsoft Corporation,Microsoft Azure Cloud (eastus2),AS8075 Microsoft Corporation
60,Whitehall,Ohio,United States,43218,39.9747,-82.8947,America/New_York,DoD Network Information Center,DoD Network Information Center,AS749 DoD Network Information Center
73,New York,New York,United States,10123,40.7128,-74.006,America/New_York,"AT&T Services, Inc.",AT&T Corp,"AS7018 AT&T Services, Inc."
76,Whitehall,Ohio,United States,43218,39.9747,-82.8947,America/New_York,DoD Network Information Center,DoD Network Information Center,AS749 DoD Network Information Center
81,Whitehall,Ohio,United States,43218,39.9747,-82.8947,America/New_York,DoD Network Information Center,DoD Network Information Center,AS749 DoD Network Information Center
89,Whitehall,Ohio,United States,43218,39.9747,-82.8947,America/New_York,DoD Network Information Center,DoD Network Information Center,AS749 DoD Network Information Center
92,Whitehall,Ohio,United States,43218,39.9747,-82.8947,America/New_York,DoD Network Information Center,DoD Network Information Center,AS749 DoD Network Information Center
97,Dublin,Leinster,Ireland,D02,53.3498,-6.26031,Europe/Dublin,"Amazon.com, Inc.",AWS EC2 (eu-west-1),"AS16509 Amazon.com, Inc."
98,New York,New York,United States,10123,40.7128,-74.006,America/New_York,"AT&T Services, Inc.","AT&T Global Network Services, LLC","AS7018 AT&T Services, Inc."
101,Cincinnati,Ohio,United States,45201,39.1032,-84.5053,America/New_York,The Procter and Gamble Company,The Procter and Gamble Company,AS11003 The Procter and Gamble Company
110,São Paulo,São Paulo,Brazil,01000-000,-23.5558,-46.6396,America/Sao_Paulo,Vivo,TELEFONICA BRASIL S.A,AS26599 TELEFÔNICA BRASIL S.A
112,Whitehall,Ohio,United States,43218,39.9747,-82.8947,America/New_York,DoD Network Information Center,DoD Network Information Center,AS749 DoD Network Information Center
144,New York,New York,United States,10123,40.7128,-74.006,America/New_York,"AT&T Services, Inc.",AT&T Corp,"AS7018 AT&T Services, Inc."
153,Frankfurt am Main,Hesse,Germany,60313,50.1109,8.68213,Europe/Berlin,Amazon Technologies Inc.,AWS EC2 (eu-central-1),"AS16509 Amazon.com, Inc."
163,Whitehall,Ohio,United States,43218,39.9747,-82.8947,America/New_York,DoD Network Information Center,DoD Network Information Center,AS749 DoD Network Information Center
164,Whitehall,Ohio,United States,43218,39.9747,-82.8947,America/New_York,DoD Network Information Center,DoD Network Information Center,AS749 DoD Network Information Center
170,Stuttgart,Baden-Wurttemberg,Germany,70327,48.7863,9.23807,Europe/Berlin,Mercedes-Benz Group AG,Daimler AG,AS31399 Mercedes-Benz Group AG
173,São Paulo,São Paulo,Brazil,1000,-23.6283,-46.6409,America/Sao_Paulo,Vivo,TELEFONICA BRASIL S.A,AS27699 TELEFÔNICA BRASIL S.A
175,Whitehall,Ohio,United States,43218,39.9747,-82.8947,America/New_York,DoD Network Information Center,DoD Network Information Center,AS749 DoD Network Information Center
177,Whitehall,Ohio,United States,43218,39.9747,-82.8947,America/New_York,DoD Network Information Center,DoD Network Information Center,AS749 DoD Network Information Center
178,São Paulo,São Paulo,Brazil,01000-000,-23.5558,-46.6396,America/Sao_Paulo,V tal,V tal,AS7738 V tal
184,Seongnam-si,Gyeonggi-do,South Korea,13606,37.3638,127.122,Asia/Seoul,Korea Telecom,Kornet,AS4766 Korea Telecom
185,Dublin,Ohio,United States,43017,40.0992,-83.1141,America/New_York,"Amazon.com, Inc.",AWS EC2 (us-east-2),"AS16509 Amazon.com, Inc."
187,Montgomery,Alabama,United States,36114,32.4033,-86.2383,America/Chicago,DoD Network Information Center,Air Force Systems Networking,AS721 DoD Network Information Center
195,Whitehall,Ohio,United States,43218,39.9747,-82.8947,America/New_York,DoD Network Information Center,DoD Network Information Center,AS749 DoD Network Information Center
196,Minato-ku,Tokyo,Japan,104-0045,35.6629,139.761,Asia/Tokyo,Softbank BB Corp.,Japan nation-wide Network of SOFTBANK BB CORP,AS17676 SoftBank Corp.
205,Portland,Oregon,United States,97207,45.5235,-122.676,America/Los_Angeles,"Amazon.com, Inc.",AWS EC2 (us-west-2),"AS16509 Amazon.com, Inc."
224,Portland,Oregon,United States,97207,45.5235,-122.676,America/Los_Angeles,"Amazon.com, Inc.",AWS EC2 (us-west-2),"AS16509 Amazon.com, Inc."
226,Whitehall,Ohio,United States,43218,39.9747,-82.8947,America/New_York,DoD Network Information Center,DoD Network Information Center,AS749 DoD Network Information Center
229,Indianapolis,Indiana,United States,46285,39.7559,-86.1531,America/Chicago,Eli Lilly and Company,Eli Lilly and Company,AS4249 Eli Lilly and Company
232,Montgomery,Alabama,United States,36114,32.4033,-86.2383,America/Chicago,DoD Network Information Center,Air Force Systems Networking,AS721 DoD Network Information Center
240,Dallas,Texas,United States,75247,32.8175,-96.8731,America/Chicago,"CoreSpace, Inc.","CoreSpace, Inc.","AS54489 CoreSpace, Inc."
245,Whitehall,Ohio,United States,43218,39.9747,-82.8947,America/New_York,DoD Network Information Center,DoD Network Information Center,AS749 DoD Network Information Center
247,Whitehall,Ohio,United States,43218,39.9747,-82.8947,America/New_York,DoD Network Information Center,DoD Network Information Center,AS749 DoD Network Information Center
252,Whitehall,Ohio,United States,43218,39.9747,-82.8947,America/New_York,DoD Network Information Center,DoD Network Information Center,AS749 DoD Network Information Center
253,Dagenham,England,United Kingdom,RM8,51.5477,0.1115,Europe/London,EE Limited,EEMobile,AS12576 EE Limited
262,Cupertino,California,United States,95014,37.3219,-122.03,America/Los_Angeles,Apple Inc.,Apple Inc,AS714 Apple Inc.
272,Monroe,Louisiana,United States,71203,32.5896,-92.0669,America/Chicago,"Level 3 Communications, Inc.","Level 3, LLC","AS3356 Level 3 Parent, LLC"
284,Tokyo,Tokyo,Japan,150-0002,35.6895,139.692,Asia/Tokyo,Amazon Technologies Inc.,AWS EC2 (ap-northeast-1),"AS16509 Amazon.com, Inc."
288,Cyberjaya,Selangor,Malaysia,63100,2.9304,101.6627,Asia/Kuala_Lumpur,TM TECHNOLOGY SERVICES SDN BHD,Adsl Streamyx,AS4788 TM TECHNOLOGY SERVICES SDN. BHD.
305,Whitehall,Ohio,United States,43218,39.9747,-82.8947,America/New_York,DoD Network Information Center,DoD Network Information Center,AS749 DoD Network Information Center
322,Whitehall,Ohio,United States,43218,39.9747,-82.8947,America/New_York,DoD Network Information Center,DoD Network Information Center,AS721 DoD Network Information Center
324,São Paulo,São Paulo,Brazil,01000-000,-23.5558,-46.6396,America/Sao_Paulo,Claro S.A.,Claro S.A,AS4230 CLARO S.A.
328,Stuttgart,Baden-Wurttemberg,Germany,70327,48.7863,9.23807,Europe/Berlin,Mercedes-Benz Group AG,Daimler AG,AS31399 Mercedes-Benz Group AG
332,Stuttgart,Baden-Wurttemberg,Germany,70327,48.7863,9.23807,Europe/Berlin,Mercedes-Benz Group AG,Daimler AG,AS31399 Mercedes-Benz Group AG
333,Whitehall,Ohio,United States,43218,39.9747,-82.8947,America/New_York,DoD Network Information Center,DoD Network Information Center,AS721 DoD Network Information Center
334,Whitehall,Ohio,United States,43218,39.9747,-82.8947,America/New_York,DoD Network Information Center,DoD Network Information Center,AS749 DoD Network Information Center
355,Indianapolis,Indiana,United States,46285,39.7559,-86.1531,America/Chicago,Eli Lilly and Company,Eli Lilly and Company,AS4249 Eli Lilly and Company
356,Frankfurt am Main,Hesse,Germany,60313,50.1109,8.68213,Europe/Berlin,Telekom Deutschland GmbH,Telekom Deutschland GmbH,AS3320 Deutsche Telekom AG
364,Whitehall,Ohio,United States,43218,39.9747,-82.8947,America/New_York,DoD Network Information Center,DoD Network Information Center,AS749 DoD Network Information Center
369,London,England,United Kingdom,W1B,51.5072,-0.127586,Europe/London,MICROSOFT,Microsoft Limited,AS8075 Microsoft Corporation
375,Whitehall,Ohio,United States,43218,39.9747,-82.8947,America/New_York,DoD Network Information Center,DoD Network Information Center,AS749 DoD Network Information Center
384,Sierra Vista,Arizona,United States,85613,31.5552,-110.35,America/Phoenix,DoD Network Information Center,USAISC,AS721 DoD Network Information Center
390,Dallas,Texas,United States,75247,32.8175,-96.8731,America/Chicago,"CoreSpace, Inc.","CoreSpace, Inc.","AS54489 CoreSpace, Inc."
392,New York,New York,United States,10123,40.7128,-74.006,America/New_York,Verizon Business,Verizon Business,AS22394 Verizon Business
434,Whitehall,Ohio,United States,43218,39.9747,-82.8947,America/New_York,DoD Network Information Center,DoD Network Information Center,AS749 DoD Network Information Center
435,Whitehall,Ohio,United States,43218,39.9747,-82.8947,America/New_York,DoD Network Information Center,DoD Network Information Center,AS749 DoD Network Information Center
446,Kuala Lumpur,Kuala Lumpur,Malaysia,50515,3.1408,101.6852,Asia/Kuala_Lumpur,TM TECHNOLOGY SERVICES SDN BHD,Adsl Streamyx,AS4788 TM TECHNOLOGY SERVICES SDN. BHD.
447,Fort Collins,Colorado,United States,80526,40.5603,-105.081,America/Denver,USDA,USDA Office of Operations,AS4152 USDA
448,Whitehall,Ohio,United States,43218,39.9747,-82.8947,America/New_York,DoD Network Information Center,DoD Network Information Center,AS749 DoD Network Information Center
449,Whitehall,Ohio,United States,43218,39.9747,-82.8947,America/New_York,DoD Network Information Center,DoD Network Information Center,AS749 DoD Network Information Center
457,Whitehall,Ohio,United States,43218,39.9747,-82.8947,America/New_York,DoD Network Information Center,DoD Network Information Center,AS749 DoD Network Information Center
458,Ashburn,Virginia,United States,20149,39.0438,-77.4874,America/New_York,Amazon Technologies Inc.,AWS EC2 (us-east-1),"AS14618 Amazon.com, Inc."
475,Minato-ku,Tokyo,Japan,104-0045,35.6629,139.761,Asia/Tokyo,Softbank BB Corp.,Japan nation-wide Network of SOFTBANK Corp.,AS17676 SoftBank Corp.
491,Mountain View,California,United States,94043,37.422,-122.084,America/Los_Angeles,Google LLC,Google LLC,AS396982 Google LLC
492,Paris,Île-de-France,France,75000,48.8566,2.35222,Europe/Paris,Societe Francaise Du Radiotelephone - SFR SA,SFR User Data,AS15557 Societe Francaise Du Radiotelephone - SFR SA
502,Seongnam-si,Gyeonggi-do,South Korea,13606,37.3638,127.122,Asia/Seoul,Korea Telecom,Kornet,AS4766 Korea Telecom
508,São Paulo,São Paulo,Brazil,01000-000,-23.5505,-46.6333,America/Sao_Paulo,Amazon Technologies Inc.,AWS EC2 (sa-east-1),"AS16509 Amazon.com, Inc."
511,Seongnam-si,Gyeonggi-do,South Korea,13606,37.3638,127.122,Asia/Seoul,Korea Telecom,Kornet,AS4766 Korea Telecom
512,Whitehall,Ohio,United States,43218,39.9747,-82.8947,America/New_York,DoD Network Information Center,DoD Network Information Center,AS749 DoD Network Information Center
516,Boydton,Virginia,United States,23917,36.677696,-78.37471,America/New_York,Microsoft Corporation,Microsoft Azure Cloud (eastus),AS8075 Microsoft Corporation
523,Montgomery,Alabama,United States,36114,32.4033,-86.2383,America/Chicago,DoD Network Information Center,Air Force Systems Networking,AS367 DoD Network Information Center
526,Minato-ku,Tokyo,Japan,104-0045,35.6629,139.761,Asia/Tokyo,Softbank BB Corp.,Japan nation-wide Network of SOFTBANK Corp.,AS17676 SoftBank Corp.
532,Whitehall,Ohio,United States,43218,39.9747,-82.8947,America/New_York,DoD Network Information Center,DoD Network Information Center,AS749 DoD Network Information Center
538,Mountain View,California,United States,94043,37.422,-122.084,America/Los_Angeles,Google LLC,Google LLC,AS396982 Google LLC
541,Whitehall,Ohio,United States,43218,39.9747,-82.8947,America/New_York,DoD Network Information Center,DoD Network Information Center,AS749 DoD Network Information Center
553,Whitehall,Ohio,United States,43218,39.9747,-82.8947,America/New_York,DoD Network Information Center,DoD Network Information Center,AS749 DoD Network Information Center
554,Ann Arbor,Michigan,United States,48108,42.2139,-83.745,America/Detroit,Merit Network Inc.,Merit Network Inc,AS237 Merit Network Inc.
555,Whitehall,Ohio,United States,43218,39.9747,-82.8947,America/New_York,DoD Network Information Center,DoD Network Information Center,AS749 DoD Network Information Center
556,New York,New York,United States,10123,40.7128,-74.006,America/New_York,"CenturyLink Communications, LLC","CenturyLink Communications, LLC","AS3561 CenturyLink Communications, LLC"
568,New York,New York,United States,10123,40.7128,-74.006,America/New_York,Verizon Business,Verizon Business,AS22394 Verizon Business
569,Whitehall,Ohio,United States,43218,39.9747,-82.8947,America/New_York,DoD Network Information Center,DoD Network Information Center,AS749 DoD Network Information Center
574,Sierra Vista,Arizona,United States,85613,31.5552,-110.35,America/Phoenix,DoD Network Information Center,USAISC,AS367 DoD Network Information Center
584,San Jose,California,United States,95141,37.3382,-121.886,America/Los_Angeles,Akamai International B.V.,"Akamai Technologies, Inc.",AS20940 Akamai International B.V.
597,Monroe,Louisiana,United States,71203,32.5896,-92.0669,America/Chicago,"Level 3 Communications, Inc.","Level 3, LLC","AS3356 Level 3 Parent, LLC"
602,Cupertino,California,United States,95014,37.3219,-122.03,America/Los_Angeles,Apple Inc.,Apple Inc,AS714 Apple Inc.
606,Shenzhen,Guangdong,China,518000,22.5431,114.058,Asia/Shanghai,China Internet Network Information Center,"Tencent cloud computing (Beijing) Co., Ltd.",AS45090 Shenzhen Tencent Computer Systems Company Limited
610,Minato-ku,Tokyo,Japan,206-0042,35.6673,139.751,Asia/Tokyo,"NTT PC Communications, Inc.","NTT PC Communications, Inc.","AS2514 NTT PC Communications, Inc."
615,Minato-ku,Tokyo,Japan,104-0045,35.6629,139.761,Asia/Tokyo,Softbank BB Corp.,Japan nation-wide Network of SOFTBANK BB CORP,AS17676 SoftBank Corp.
625,Singapore,North West,Singapore,858877,1.35208,103.82,Asia/Singapore,"Alibaba (US) Technology Co., Ltd.",Alibaba.com LLC,"AS45102 Alibaba (US) Technology Co., Ltd."
626,Atlanta,Georgia,United States,30308,33.7793,-84.3895,America/New_York,NCR Corporation,NCR Corporation,AS14962 NCR Corporation
630,Whitehall,Ohio,United States,43218,39.9747,-82.8947,America/New_York,DoD Network Information Center,DoD Network Information Center,AS749 DoD Network Information Center
631,Sierra Vista,Arizona,United States,85613,31.5552,-110.35,America/Phoenix,DoD Network Information Center,USAISC,AS721 DoD Network Information Center
642,Kloten,Zurich,Switzerland,8302,47.4541,8.5648,Europe/Zurich,Provider:Swisscom IP-Plus,Bundesamt fuer Meteorologie und Klimatologie,AS559 SWITCH
647,Chicago,Illinois,United States,60666,41.8781,-87.6298,America/Chicago,"T-Mobile USA, Inc.","T-Mobile USA, Inc.","AS21928 T-Mobile USA, Inc."
660,Sierra Vista,Arizona,United States,85613,31.5552,-110.35,America/Phoenix,DoD Network Information Center,USAISC,AS721 DoD Network Information Center
663,Dublin,Ohio,United States,43017,40.0992,-83.1141,America/New_York,"Amazon.com, Inc.",AWS EC2 (us-east-2),"AS16509 Amazon.com, Inc."
675,Redmond,Washington,United States,98052,47.6423,-122.137,America/Los_Angeles,Microsoft Corporation,Microsoft Corporation,AS8075 Microsoft Corporation
679,New York,New York,United States,10123,40.7128,-74.006,America/New_York,"CenturyLink Communications, LLC","CenturyLink Communications, LLC","AS209 CenturyLink Communications, LLC"
688,Beijing,Beijing,China,100000,39.9042,116.407,Asia/Shanghai,"Hangzhou Alibaba Advertising Co., Ltd.",Aliyun Computing Co.,"AS37963 Hangzhou Alibaba Advertising Co.,Ltd."
699,Whitehall,Ohio,United States,43218,39.9747,-82.8947,America/New_York,DoD Network Information Center,DoD Network Information Center,AS749 DoD Network Information Center
706,Whitehall,Ohio,United States,43218,39.9747,-82.8947,America/New_York,DoD Network Information Center,DoD Network Information Center,AS749 DoD Network Information Center
707,London,England,United Kingdom,W1B,51.5074,-0.127758,Europe/London,Microsoft Corporation,Microsoft Limited,AS8075 Microsoft Corporation
710,Sierra Vista,Arizona,United States,85613,31.5552,-110.35,America/Phoenix,DoD Network Information Center,USAISC,AS721 DoD Network Information Center
716,Whitehall,Ohio,United States,43218,39.9747,-82.8947,America/New_York,DoD Network Information Center,DoD Network Information Center,AS749 DoD Network Information Center
717,San Diego,California,United States,92111,32.819,-117.179,America/Los_Angeles,"University of California, San Diego",Amateur Radio Digital Communications,"AS7377 University of California, San Diego"
719,Sierra Vista,Arizona,United States,85613,31.5552,-110.35,America/Phoenix,DoD Network Information Center,USAISC,AS721 DoD Network Information Center
723,Montgomery,Alabama,United States,36114,32.4033,-86.2383,America/Chicago,DoD Network Information Center,Air Force Systems Networking,AS749 DoD Network Information Center
725,São Paulo,São Paulo,Brazil,01000-000,-23.5558,-46.6396,America/Sao_Paulo,Vivo,TELEFONICA BRASIL S.A,AS26599 TELEFÔNICA BRASIL S.A
728,Amsterdam,North Holland,Netherlands,1047,52.3667,4.9,Europe/Amsterdam,Microsoft Corporation,Microsoft Azure Cloud (westeurope),AS8075 Microsoft Corporation
733,Whitehall,Ohio,United States,43218,39.9747,-82.8947,America/New_York,DoD Network Information Center,DoD Network Information Center,AS721 DoD Network Information Center
741,Chicago,Illinois,United States,60666,41.8781,-87.6298,America/Chicago,"T-Mobile USA, Inc.","T-Mobile USA, Inc.","AS21928 T-Mobile USA, Inc."
753,Whitehall,Ohio,United States,43218,39.9747,-82.8947,America/New_York,DoD Network Information Center,DoD Network Information Center,AS749 DoD Network Information Center
754,Whitehall,Ohio,United States,43218,39.9747,-82.8947,America/New_York,DoD Network Information Center,DoD Network Information Center,AS749 DoD Network Information Center
759,Monroe,Louisiana,United States,71203,32.5896,-92.0669,America/Chicago,"Level 3 Communications, Inc.","Level 3, LLC","AS3356 Level 3 Parent, LLC"
767,Chiyoda,Tokyo,Japan,100-8111,35.6906,139.77,Asia/Tokyo,Kddi Corporation,KDDI,AS2516 KDDI CORPORATION
773,New York,New York,United States,10123,40.7128,-74.006,America/New_York,"CenturyLink Communications, LLC","CenturyLink Communications, LLC","AS3561 CenturyLink Communications, LLC"
777,Beijing,Beijing,China,100000,39.9042,116.407,Asia/Shanghai,"Hangzhou Alibaba Advertising Co., Ltd.",Aliyun Computing Co.,"AS37963 Hangzhou Alibaba Advertising Co.,Ltd."
793,Redmond,Washington,United States,98052,47.6423,-122.137,America/Los_Angeles,Microsoft Corporation,Microsoft Corporation,AS8075 Microsoft Corporation
795,Sierra Vista,Arizona,United States,85613,31.5552,-110.35,America/Phoenix,CONUS-YPG,USAISC,AS749 DoD Network Information Center
800,Whitehall,Ohio,United States,43218,39.9747,-82.8947,America/New_York,DoD Network Information Center,DoD Network Information Center,AS749 DoD Network Information Center
810,Montgomery,Alabama,United States,36114,32.4033,-86.2383,America/Chicago,DoD Network Information Center,Air Force Systems Networking,AS749 DoD Network Information Center
817,São Paulo,São Paulo,Brazil,01000-000,-23.5558,-46.6396,America/Sao_Paulo,V tal,V tal,AS7738 V tal
818,Frankfurt am Main,Hesse,Germany,60313,50.1109,8.68213,Europe/Berlin,Amazon Technologies Inc.,AWS EC2 (eu-central-1),"AS16509 Amazon.com, Inc."
821,Fort Collins,Colorado,United States,80526,40.5603,-105.081,America/Denver,USDA,USDA Office of Operations,AS4152 USDA
822,Basking Ridge,New Jersey,United States,7920,40.6953,-74.5784,America/New_York,Avaya Inc.,Avaya Inc,AS18676 Avaya Inc.
832,Minato-ku,Tokyo,Japan,104-0045,35.6629,139.761,Asia/Tokyo,Softbank BB Corp.,Japan nation-wide Network of SOFTBANK BB Corp.,AS17676 SoftBank Corp.
833,Kloten,Zurich,Switzerland,8302,47.4541,8.5648,Europe/Zurich,Provider:Swisscom IP-Plus,Bundesamt fuer Meteorologie und Klimatologie,AS559 SWITCH
834,Cleveland,Ohio,United States,44192,41.4993,-81.6944,America/New_York,Cogent Communications,Cogent communications - IPENG,AS174 Cogent Communications
839,Tokyo,Tokyo,Japan,150-0002,35.6895,139.692,Asia/Tokyo,Amazon Technologies Inc.,AWS EC2 (ap-northeast-1),"AS16509 Amazon.com, Inc."
840,Whitehall,Ohio,United States,43218,39.9747,-82.8947,America/New_York,DoD Network Information Center,DoD Network Information Center,AS749 DoD Network Information Center
848,New York,New York,United States,10123,40.7128,-74.006,America/New_York,"AT&T Services, Inc.",AT&T Corp,"AS7018 AT&T Services, Inc."
849,Minato-ku,Tokyo,Japan,104-0045,35.6629,139.761,Asia/Tokyo,Softbank BB Corp.,Japan nation-wide Network of SOFTBANK BB Corp.,AS17676 SoftBank Corp.
850,Washington,District of Columbia,United States,20418,38.907,-77.0526,America/New_York,Cogent Communications,Cogent communications - IPENG,AS174 Cogent Communications
858,Singapore,Central Singapore,Singapore,48582,1.28009,103.851,Asia/Singapore,Amazon Technologies Inc.,AWS EC2 (ap-southeast-1),"AS16509 Amazon.com, Inc."
859,Ashburn,Virginia,United States,20149,39.0438,-77.4874,America/New_York,"Amazon.com, Inc.",AWS EC2 (us-east-1),"AS14618 Amazon.com, Inc."
861,Whitehall,Ohio,United States,43218,39.9747,-82.8947,America/New_York,DoD Network Information Center,DoD Network Information Center,AS749 DoD Network Information Center
865,Stuttgart,Baden-Wurttemberg,Germany,70327,48.7863,9.23807,Europe/Berlin,Mercedes-Benz Group AG,Daimler AG,AS31399 Mercedes-Benz Group AG
868,Frankfurt am Main,Hesse,Germany,60313,50.1109,8.68213,Europe/Berlin,Deutsche Telekom AG,Deutsche Telekom AG,AS3320 Deutsche Telekom AG
871,Whitehall,Ohio,United States,43218,39.9747,-82.8947,America/New_York,DoD Network Information Center,DoD Network Information Center,AS749 DoD Network Information Center
873,Sierra Vista,Arizona,United States,85613,31.5552,-110.35,America/Phoenix,DoD Network Information Center,USAISC,AS721 DoD Network Information Center
876,São Paulo,São Paulo,Brazil,01000-000,-23.5558,-46.6396,America/Sao_Paulo,Claro S.A.,Claro S.A,AS4230 CLARO S.A.
878,Amsterdam,North Holland,Netherlands,1047,52.3667,4.9,Europe/Amsterdam,Microsoft Corporation,Microsoft Azure Cloud (westeurope),AS8075 Microsoft Corporation
890,Sierra Vista,Arizona,United States,85613,31.5552,-110.35,America/Phoenix,DoD Network Information Center,USAISC,AS721 DoD Network Information Center
908,Basking Ridge,New Jersey,United States,7920,40.6953,-74.5784,America/New_York,Avaya Inc.,Avaya Inc,AS18676 Avaya Inc.
910,Whitehall,Ohio,United States,43218,39.9747,-82.8947,America/New_York,DoD Network Information Center,DoD Network Information Center,AS749 DoD Network Information Center
911,Dublin,Ohio,United States,43017,40.0992,-83.1141,America/New_York,"Amazon.com, Inc.",AWS EC2 (us-east-2),"AS16509 Amazon.com, Inc."
923,San Diego,California,United States,92111,32.819,-117.179,America/Los_Angeles,"University of California, San Diego",Amateur Radio Digital Communications,"AS7377 University of California, San Diego"
929,Whitehall,Ohio,United States,43218,39.9747,-82.8947,America/New_York,DoD Network Information Center,DoD Network Information Center,AS749 DoD Network Information Center
930,Monroe,Louisiana,United States,71203,32.5896,-92.0669,America/Chicago,"Level 3 Communications, Inc.","Level 3, LLC","AS3356 Level 3 Parent, LLC"
940,Whitehall,Ohio,United States,43218,39.9747,-82.8947,America/New_York,DoD Network Information Center,DoD Network Information Center,AS749 DoD Network Information Center
943,Sierra Vista,Arizona,United States,85613,31.5552,-110.35,America/Phoenix,CONUS-YPG,USAISC,AS749 DoD Network Information Center
944,Montgomery,Alabama,United States,36114,32.4033,-86.2383,America/Chicago,DoD Network Information Center,Air Force Systems Networking,AS721 DoD Network Information Center
948,Auburndale,Florida,United States,33823,28.0699,-81.8107,America/New_York,Charter Communications,Spectrum,"AS33363 Charter Communications, Inc"
951,Nanjing,Jiangsu,China,210000,32.0607,118.763,Asia/Shanghai,Chinanet,Chinanet JS,AS4134 CHINANET-BACKBONE
957,Sierra Vista,Arizona,United States,85613,31.5552,-110.35,America/Phoenix,CONUS-YPG,USAISC,AS749 DoD Network Information Center
973,Indianapolis,Indiana,United States,46285,39.7559,-86.1531,America/Chicago,Eli Lilly and Company,Eli Lilly and Company,AS4249 Eli Lilly and Company
976,New York,New York,United States,10123,40.7128,-74.006,America/New_York,Verizon Business,Cellco Partnership DBA Verizon Wireless,AS22394 Verizon Business
984,Boydton,Virginia,United States,23917,36.677696,-78.37471,America/New_York,Microsoft Corporation,Microsoft Azure Cloud (eastus),AS8075 Microsoft Corporation
988,Whitehall,Ohio,United States,43218,39.9747,-82.8947,America/New_York,DoD Network Information Center,DoD Network Information Center,AS749 DoD Network Information Center
990,Minato-ku,Tokyo,Japan,105-0012,35.6552,139.761,Asia/Tokyo,Softbank BB Corp.,SOFTBANK Corp,AS17676 SoftBank Corp.
991,Mountain View,California,United States,94043,37.422,-122.084,America/Los_Angeles,Google LLC,Google LLC,AS396982 Google LLC
1006,Chicago,Illinois,United States,60666,41.8781,-87.6298,America/Chicago,United States Cellular Telephone Company,Service Provider Corporation,"AS6614 UNITED STATES CELLULAR TELEPHONE COMPANY (GREATER KNOXVILLE), L.P."
1013,Dublin,Leinster,Ireland,D02,53.3498,-6.26031,Europe/Dublin,"Amazon.com, Inc.",AWS EC2 (eu-west-1),"AS16509 Amazon.com, Inc."
1017,Boydton,Virginia,United States,23917,36.677696,-78.37471,America/New_York,Microsoft Corporation,Microsoft Azure Cloud (eastus2),AS8075 Microsoft Corporation
1024,Stuttgart,Baden-Wurttemberg,Germany,70327,48.7863,9.23807,Europe/Berlin,Mercedes-Benz Group AG,Daimler AG,AS31399 Mercedes-Benz Group AG
1028,Whitehall,Ohio,United States,43218,39.9747,-82.8947,America/New_York,DoD Network Information Center,DoD Network Information Center,AS749 DoD Network Information Center
1038,Sierra Vista,Arizona,United States,85613,31.5552,-110.35,America/Phoenix,CONUS-YPG,USAISC,AS749 DoD Network Information Center
1048,Whitehall,Ohio,United States,43218,39.9747,-82.8947,America/New_York,DoD Network Information Center,DoD Network Information Center,AS749 DoD Network Information Center
1051,São Paulo,São Paulo,Brazil,01000-000,-23.5505,-46.6333,America/Sao_Paulo,Amazon Technologies Inc.,AWS EC2 (sa-east-1),"AS16509 Amazon.com, Inc."
1058,New York,New York,United States,10123,40.7128,-74.006,America/New_York,Verizon Business,Verizon Business,AS701 Verizon Business
1061,Sierra Vista,Arizona,United States,85613,31.5552,-110.35,America/Phoenix,CONUS-YPG,USAISC,AS749 DoD Network Information Center
1072,Whitehall,Ohio,United States,43218,39.9747,-82.8947,America/New_York,DoD Network Information Center,DoD Network Information Center,AS749 DoD Network Information Center
1080,Sierra Vista,Arizona,United States,85613,31.5552,-110.35,America/Phoenix,CONUS-YPG,USAISC,AS749 DoD Network Information Center
1087,Monroe,Louisiana,United States,71203,32.5896,-92.0669,America/Chicago,"Level 3 Communications, Inc.","Level 3, LLC","AS3356 Level 3 Parent, LLC"
1088,Norfolk,Virginia,United States,23501,36.9151,-76.1866,America/New_York,DoD Network Information Center,Navy Network Information Center,AS721 DoD Network Information Center
1097,Minato-ku,Tokyo,Japan,104-0045,35.6629,139.761,Asia/Tokyo,Softbank BB Corp.,Japan nation-wide Network of SOFTBANK BB Corp.,AS17676 SoftBank Corp.
1103,Dublin,Ohio,United States,43017,40.0992,-83.1141,America/New_York,"Amazon.com, Inc.",AWS EC2 (us-east-2),"AS16509 Amazon.com, Inc."
1109,Whitehall,Ohio,United States,43218,39.9747,-82.8947,America/New_York,DoD Network Information Center,DoD Network Information Center,AS721 DoD Network Information Center
1126,Whitehall,Ohio,United States,43218,39.9747,-82.8947,America/New_York,DoD Network Information Center,DoD Network Information Center,AS749 DoD Network Information Center
1128,Sierra Vista,Arizona,United States,85613,31.5552,-110.35,America/Phoenix,CONUS-YPG,USAISC,AS749 DoD Network Information Center
1129,Whitehall,Ohio,United States,43218,39.9747,-82.8947,America/New_York,DoD Network Information Center,DoD Network Information Center,AS749 DoD Network Information Center
1132,Whitehall,Ohio,United States,43218,39.9747,-82.8947,America/New_York,DoD Network Information Center,DoD Network Information Center,AS749 DoD Network Information Center
1140,Stuttgart,Baden-Wurttemberg,Germany,70327,48.7863,9.23807,Europe/Berlin,Mercedes-Benz Group AG,Daimler AG,AS31399 Mercedes-Benz Group AG
1145,Boydton,Virginia,United States,23917,36.677696,-78.37471,America/New_York,Microsoft Corporation,Microsoft Azure Cloud (eastus),AS8075 Microsoft Corporation
1148,Ashburn,Virginia,United States,20149,39.0438,-77.4874,America/New_York,Amazon Technologies Inc.,AWS EC2 (us-east-1),"AS14618 Amazon.com, Inc."
1157,Rome,Lazio,Italy,187,41.9626,12.4644,Europe/Rome,Telecom Italia S.p.A,DATACOM,AS3269 Telecom Italia S.p.A.
1174,New York,New York,United States,10123,40.7128,-74.006,America/New_York,Verizon Business,Cellco Partnership DBA Verizon Wireless,AS22394 Verizon Business
1183,Frankfurt am Main,Hesse,Germany,60313,50.1109,8.68213,Europe/Berlin,Telekom Deutschland GmbH,Telekom Deutschland GmbH,AS3320 Deutsche Telekom AG
1188,Whitehall,Ohio,United States,43218,39.9747,-82.8947,America/New_York,DoD Network Information Center,DoD Network Information Center,AS749 DoD Network Information Center
1191,Indianapolis,Indiana,United States,46285,39.7559,-86.1531,America/Chicago,Eli Lilly and Company,Eli Lilly and Company,AS4249 Eli Lilly and Company
1206,Ann Arbor,Michigan,United States,48108,42.2139,-83.745,America/Detroit,Merit Network Inc.,Merit Network Inc,AS237 Merit Network Inc.
1209,Seongnam-si,Gyeonggi-do,South Korea,13606,37.3638,127.122,Asia/Seoul,Korea Telecom,Kornet,AS4766 Korea Telecom
1210,Monroe,Louisiana,United States,71203,32.5896,-92.0669,America/Chicago,"Level 3 Communications, Inc.","Level 3, LLC","AS3356 Level 3 Parent, LLC"
1219,Whitehall,Ohio,United States,43218,39.9747,-82.8947,America/New_York,DoD Network Information Center,DoD Network Information Center,AS749 DoD Network Information Center
1220,Whitehall,Ohio,United States,43218,39.9747,-82.8947,America/New_York,DoD Network Information Center,DoD Network Information Center,AS749 DoD Network Information Center
1231,New York,New York,United States,10123,40.7128,-74.006,America/New_York,Verizon Business,Cellco Partnership DBA Verizon Wireless,AS22394 Verizon Business
1233,Whitehall,Ohio,United States,43218,39.9747,-82.8947,America/New_York,DoD Network Information Center,DoD Network Information Center,AS749 DoD Network Information Center
1235,Whitehall,Ohio,United States,43218,39.9747,-82.8947,America/New_York,DoD Network Information Center,DoD Network Information Center,AS749 DoD Network Information Center
1238,Whitehall,Ohio,United States,43218,39.9747,-82.8947,America/New_York,DoD Network Information Center,DoD Network Information Center,AS749 DoD Network Information Center
1248,Whitehall,Ohio,United States,43218,39.9747,-82.8947,America/New_York,DoD Network Information Center,DoD Network Information Center,AS721 DoD Network Information Center
1251,Minato-ku,Tokyo,Japan,206-0042,35.6673,139.751,Asia/Tokyo,"NTT PC Communications, Inc.","NTT PC Communications, Inc.","AS2514 NTT PC Communications, Inc."
1259,Whitehall,Ohio,United States,43218,39.9747,-82.8947,America/New_York,DoD Network Information Center,DoD Network Information Center,AS749 DoD Network Information Center
1279,Whitehall,Ohio,United States,43218,39.9747,-82.8947,America/New_York,DoD Network Information Center,DoD Network Information Center,AS749 DoD Network Information Center
1281,London,England,United Kingdom,W1B,51.5074,-0.127758,Europe/London,Microsoft Corporation,Microsoft Limited,AS8075 Microsoft Corporation
1285,Beijing,Beijing,China,100000,39.9042,116.407,Asia/Shanghai,China TieTong Telecommunications Corporation,China TieTong Telecommunications Corporation,AS9394 China TieTong Telecommunications Corporation
1286,Denver,Colorado,United States,80294,39.7523,-104.984,America/Denver,"Comcast Cable Communications, LLC","Comcast IP Services, L.L.C.","AS7922 Comcast Cable Communications, LLC"
1302,Whitehall,Ohio,United States,43218,39.9747,-82.8947,America/New_York,DoD Network Information Center,DoD Network Information Center,AS749 DoD Network Information Center
1304,Whitehall,Ohio,United States,43218,39.9747,-82.8947,America/New_York,DoD Network Information Center,DoD Network Information Center,AS749 DoD Network Information Center
1305,Monroe,Louisiana,United States,71203,32.5896,-92.0669,America/Chicago,"Level 3 Communications, Inc.","Level 3, LLC","AS3356 Level 3 Parent, LLC"
1306,Minato-ku,Tokyo,Japan,105-0012,35.6552,139.761,Asia/Tokyo,Softbank BB Corp.,SOFTBANK Corp,AS17676 SoftBank Corp.
1309,Singapore,North West,Singapore,858877,1.35208,103.82,Asia/Singapore,"Alibaba (US) Technology Co., Ltd.",Alibaba.com LLC,"AS45102 Alibaba (US) Technology Co., Ltd."
1310,London,England,United Kingdom,W1B,51.5074,-0.127758,Europe/London,Microsoft Corporation,Microsoft Limited,AS8075 Microsoft Corporation
1320,Whitehall,Ohio,United States,43218,39.9747,-82.8947,America/New_York,DoD Network Information Center,DoD Network Information Center,AS749 DoD Network Information Center
1323,London,England,United Kingdom,W1B,51.5072,-0.127586,Europe/London,MICROSOFT,Microsoft Limited,AS8075 Microsoft Corporation
1326,Minato-ku,Tokyo,Japan,104-0045,35.6629,139.761,Asia/Tokyo,Softbank BB Corp.,Japan nation-wide Network of SOFTBANK BB CORP,AS17676 SoftBank Corp.
1331,Cleveland,Ohio,United States,44192,41.4993,-81.6944,America/New_York,Cogent Communications,Cogent communications - IPENG,AS174 Cogent Communications
1334,Whitehall,Ohio,United States,43218,39.9747,-82.8947,America/New_York,DoD Network Information Center,DoD Network Information Center,AS749 DoD Network Information Center
1340,Frankfurt am Main,Hesse,Germany,60313,50.1109,8.68213,Europe/Berlin,Deutsche Telekom AG,Deutsche Telekom AG,AS3320 Deutsche Telekom AG
1341,Whitehall,Ohio,United States,43218,39.9747,-82.8947,America/New_York,DoD Network Information Center,DoD Network Information Center,AS749 DoD Network Information Center
1342,Sierra Vista,Arizona,United States,85613,31.5552,-110.35,America/Phoenix,CONUS-YPG,USAISC,AS749 DoD Network Information Center
1345,Amsterdam,North Holland,Netherlands,1047,52.3667,4.9,Europe/Amsterdam,Microsoft Corporation,Microsoft Azure Cloud (westeurope),AS8075 Microsoft Corporation
1349,Whitehall,Ohio,United States,43218,39.9747,-82.8947,America/New_York,DoD Network Information Center,DoD Network Information Center,AS721 DoD Network Information Center
1350,Frankfurt am Main,Hesse,Germany,60313,50.1109,8.68213,Europe/Berlin,Amazon Technologies Inc.,AWS EC2 (eu-central-1),"AS16509 Amazon.com, Inc."
1353,New York,New York,United States,10123,40.7128,-74.006,America/New_York,"AT&T Services, Inc.","AT&T Global Network Services, LLC","AS7018 AT&T Services, Inc."
1359,Whitehall,Ohio,United States,43218,39.9747,-82.8947,America/New_York,DoD Network Information Center,DoD Network Information Center,AS749 DoD Network Information Center
1368,Ashburn,Virginia,United States,20149,39.0438,-77.4874,America/New_York,"Amazon.com, Inc.",AWS EC2 (us-east-1),"AS14618 Amazon.com, Inc."
1371,Portland,Oregon,United States,97207,45.5235,-122.676,America/Los_Angeles,"Amazon.com, Inc.",AWS EC2 (us-west-2),"AS16509 Amazon.com, Inc."
1380,Denver,Colorado,United States,80294,39.7523,-104.984,America/Denver,"Comcast Cable Communications, LLC","Comcast Cable Communications, LLC","AS7922 Comcast Cable Communications, LLC"
1382,Whitehall,Ohio,United States,43218,39.9747,-82.8947,America/New_York,DoD Network Information Center,DoD Network Information Center,AS749 DoD Network Information Center
1389,Sierra Vista,Arizona,United States,85613,31.5552,-110.35,America/Phoenix,DoD Network Information Center,USAISC,AS721 DoD Network Information Center
1392,Chicago,Illinois,United States,60666,41.8781,-87.6298,America/Chicago,"T-Mobile USA, Inc.","T-Mobile USA, Inc.","AS21928 T-Mobile USA, Inc."
1396,Whitehall,Ohio,United States,43218,39.9747,-82.8947,America/New_York,DoD Network Information Center,DoD Network Information Center,AS749 DoD Network Information Center
1399,Whitehall,Ohio,United States,43218,39.9747,-82.8947,America/New_York,DoD Network Information Center,DoD Network Information Center,AS749 DoD Network Information Center
1401,Indianapolis,Indiana,United States,46285,39.7559,-86.1531,America/Chicago,Eli Lilly and Company,Eli Lilly and Company,AS4249 Eli Lilly and Company
1403,London,England,United Kingdom,W1B,51.5072,-0.127586,Europe/London,MICROSOFT,Microsoft Limited,AS8075 Microsoft Corporation
1409,Whitehall,Ohio,United States,43218,39.9747,-82.8947,America/New_York,DoD Network Information Center,DoD Network Information Center,AS749 DoD Network Information Center
1414,Sierra Vista,Arizona,United States,85613,31.5552,-110.35,America/Phoenix,CONUS-YPG,USAISC,AS749 DoD Network Information Center
1421,Whitehall,Ohio,United States,43218,39.9747,-82.8947,America/New_York,DoD Network Information Center,DoD Network Information Center,AS6042 DoD Network Information Center
1423,Whitehall,Ohio,United States,43218,39.9747,-82.8947,America/New_York,DoD Network Information Center,DoD Network Information Center,AS749 DoD Network Information Center
1438,Seongnam-si,Gyeonggi-do,South Korea,13606,37.3638,127.122,Asia/Seoul,Korea Telecom,Kornet,AS4766 Korea Telecom
1444,Whitehall,Ohio,United States,43218,39.9747,-82.8947,America/New_York,DoD Network Information Center,DoD Network Information Center,AS749 DoD Network Information Center
1452,Beijing,Beijing,China,100000,39.9042,116.407,Asia/Shanghai,China Networks Inter-Exchange,Bjenet,AS4847 China Networks Inter-Exchange
1455,Monroe,Louisiana,United States,71203,32.5896,-92.0669,America/Chicago,"Level 3 Communications, Inc.","Level 3, LLC","AS3356 Level 3 Parent, LLC"
1459,Cupertino,California,United States,95014,37.3219,-122.03,America/Los_Angeles,Apple Inc.,Apple Inc,AS714 Apple Inc.
1463,Chicago,Illinois,United States,60602,41.8874,-87.6318,America/Chicago,Nokia of America Corporation,Nokia of America Corporation,AS10455 Nokia of America Corporation
1464,New York,New York,United States,10123,40.7128,-74.006,America/New_York,Verizon Business,Verizon Business,AS22394 Verizon Business
1466,Cincinnati,Ohio,United States,45201,39.1032,-84.5053,America/New_York,The Procter and Gamble Company,The Procter and Gamble Company,AS11003 The Procter and Gamble Company
1476,Whitehall,Ohio,United States,43218,39.9747,-82.8947,America/New_York,DoD Network Information Center,DoD Network Information Center,AS749 DoD Network Information Center
1480,Whitehall,Ohio,United States,43218,39.9747,-82.8947,America/New_York,DoD Network Information Center,DoD Network Information Center,AS749 DoD Network Information Center
1489,Minato-ku,Tokyo,Japan,104-0045,35.6629,139.761,Asia/Tokyo,Softbank BB Corp.,Japan Nation-wide Network of Softbank Corp.,AS17676 SoftBank Corp.
1495,Sierra Vista,Arizona,United States,85613,31.5552,-110.35,America/Phoenix,CONUS-YPG,USAISC,AS749 DoD Network Information Center
1501,Sierra Vista,Arizona,United States,85613,31.5552,-110.35,America/Phoenix,DoD Network Information Center,USAISC,AS721 DoD Network Information Center
1512,Rome,Lazio,Italy,187,41.9626,12.4644,Europe/Rome,Telecom Italia S.p.A,DATACOM,AS3269 Telecom Italia S.p.A.
1513,Whitehall,Ohio,United States,43218,39.9747,-82.8947,America/New_York,DoD Network Information Center,DoD Network Information Center,AS749 DoD Network Information Center
1524,Whitehall,Ohio,United States,43218,39.9747,-82.8947,America/New_York,DoD Network Information Center,DoD Network Information Center,AS749 DoD Network Information Center
1526,Whitehall,Ohio,United States,43218,39.9747,-82.8947,America/New_York,DoD Network Information Center,DoD Network Information Center,AS6042 DoD Network Information Center
1529,Chicago,Illinois,United States,60616,41.8536,-87.6183,America/Chicago,Verizon Business,Verizon Business,AS701 Verizon Business
1535,Broomfield,Colorado,United States,80021,39.9209,-105.144,America/Denver,"Level 3 Communications, Inc.","Level 3 Communications, Inc.","AS3356 Level 3 Parent, LLC"
1543,Whitehall,Ohio,United States,43218,39.9747,-82.8947,America/New_York,DoD Network Information Center,DoD Network Information Center,AS749 DoD Network Information Center
1548,Denver,Colorado,United States,80294,39.7523,-104.984,America/Denver,"Comcast Cable Communications, LLC","Comcast Cable Communications, LLC","AS7922 Comcast Cable Communications, LLC"
1559,Chicago,Illinois,United States,60666,41.8781,-87.6298,America/Chicago,"T-Mobile USA, Inc.","T-Mobile USA, Inc.","AS21928 T-Mobile USA, Inc."
1561,Shenzhen,Guangdong,China,518000,22.5431,114.058,Asia/Shanghai,China Internet Network Information Center,"Tencent cloud computing (Beijing) Co., Ltd.",AS45090 Shenzhen Tencent Computer Systems Company Limited
1563,Whitehall,Ohio,United States,43218,39.9747,-82.8947,America/New_York,DoD Network Information Center,DoD Network Information Center,AS749 DoD Network Information Center
1564,Whitehall,Ohio,United States,43218,39.9747,-82.8947,America/New_York,DoD Network Information Center,DoD Network Information Center,AS749 DoD Network Information Center
1575,Sierra Vista,Arizona,United States,85613,31.5552,-110.35,America/Phoenix,CONUS-YPG,USAISC,AS749 DoD Network Information Center
1577,Whitehall,Ohio,United States,43218,39.9747,-82.8947,America/New_York,DoD Network Information Center,DoD Network Information Center,AS749 DoD Network Information Center
1579,Coffeyville,Kansas,United States,67337,37.0902,-95.7129,America/Chicago,HamWAN,Amateur Radio Digital Communications,AS63479 HamWAN
1584,Whitehall,Ohio,United States,43218,39.9747,-82.8947,America/New_York,DoD Network Information Center,DoD Network Information Center,AS749 DoD Network Information Center
1593,Whitehall,Ohio,United States,43218,39.9747,-82.8947,America/New_York,DoD Network Information Center,DoD Network Information Center,AS749 DoD Network Information Center
1595,Atlanta,Georgia,United States,30308,33.7793,-84.3895,America/New_York,NCR Corporation,NCR Corporation,AS14962 NCR Corporation
1608,Utrecht,Utrecht,The Netherlands,3512,52.0907,5.12142,Europe/Amsterdam,SURFnet III b,SURFnet bv,AS1101 SURF B.V.
1621,Sierra Vista,Arizona,United States,85613,31.5552,-110.35,America/Phoenix,CONUS-YPG,USAISC,AS749 DoD Network Information Center
1623,Whitehall,Ohio,United States,43218,39.9747,-82.8947,America/New_York,DoD Network Information Center,DoD Network Information Center,AS749 DoD Network Information Center
1628,New York,New York,United States,10123,40.7128,-74.006,America/New_York,"AT&T Services, Inc.",AT&T Corp,"AS7018 AT&T Services, Inc."
1633,Cyberjaya,Selangor,Malaysia,63100,2.9304,101.6627,Asia/Kuala_Lumpur,TM TECHNOLOGY SERVICES SDN BHD,Adsl Streamyx,AS4788 TM TECHNOLOGY SERVICES SDN. BHD.
1637,Washington,District of Columbia,United States,20418,38.907,-77.0526,America/New_York,Cogent Communications,Cogent communications - IPENG,AS174 Cogent Communications
1640,New York,New York,United States,10123,40.7128,-74.006,America/New_York,"AT&T Services, Inc.","AT&T Global Network Services, LLC","AS7018 AT&T Services, Inc."
1646,Sierra Vista,Arizona,United States,85613,31.5552,-110.35,America/Phoenix,DoD Network Information Center,USAISC,AS367 DoD Network Information Center
1649,Washington,District of Columbia,United States,20418,38.907,-77.0526,America/New_York,Cogent Communications,Cogent communications - IPENG,AS174 Cogent Communications
1657,Minato-ku,Tokyo,Japan,104-0045,35.6629,139.761,Asia/Tokyo,Softbank BB Corp.,Japan Nation-wide Network of Softbank Corp.,AS17676 SoftBank Corp.
1661,Whitehall,Ohio,United States,43218,39.9747,-82.8947,America/New_York,DoD Network Information Center,DoD Network Information Center,AS749 DoD Network Information Center
1673,Whitehall,Ohio,United States,43218,39.9747,-82.8947,America/New_York,DoD Network Information Center,DoD Network Information Center,AS749 DoD Network Information Center
1678,Boydton,Virginia,United States,23917,36.677696,-78.37471,America/New_York,Microsoft Corporation,Microsoft Azure Cloud (eastus),AS8075 Microsoft Corporation
1693,Whitehall,Ohio,United States,43218,39.9747,-82.8947,America/New_York,DoD Network Information Center,DoD Network Information Center,AS749 DoD Network Information Center
1697,Whitehall,Ohio,United States,43218,39.9747,-82.8947,America/New_York,DoD Network Information Center,DoD Network Information Center,AS749 DoD Network Information Center
1698,Whitehall,Ohio,United States,43218,39.9747,-82.8947,America/New_York,DoD Network Information Center,DoD Network Information Center,AS749 DoD Network Information Center
1708,New York,New York,United States,10123,40.7128,-74.006,America/New_York,Verizon Business,Verizon Business,AS701 Verizon Business
1726,Coffeyville,Kansas,United States,67337,37.0902,-95.7129,America/Chicago,HamWAN,Amateur Radio Digital Communications,AS63479 HamWAN
1730,Montgomery,Alabama,United States,36114,32.4033,-86.2383,America/Chicago,DoD Network Information Center,Air Force Systems Networking,AS367 DoD Network Information Center
1740,São Paulo,São Paulo,Brazil,01000-000,-23.5558,-46.6396,America/Sao_Paulo,Claro S.A.,Claro S.A,AS4230 CLARO S.A.
1751,Whitehall,Ohio,United States,43218,39.9747,-82.8947,America/New_York,DoD Network Information Center,DoD Network Information Center,AS749 DoD Network Information Center
1757,Dagenham,England,United Kingdom,RM8,51.5477,0.1115,Europe/London,EE Limited,EEMobile,AS12576 EE Limited
1784,Beijing,Beijing,China,100000,39.9042,116.407,Asia/Shanghai,China TieTong Telecommunications Corporation,China TieTong Telecommunications Corporation,AS9394 China TieTong Telecommunications Corporation
1794,Whitehall,Ohio,United States,43218,39.9747,-82.8947,America/New_York,DoD Network Information Center,DoD Network Information Center,AS749 DoD Network Information Center
1796,Monroe,Louisiana,United States,71203,32.5896,-92.0669,America/Chicago,"Level 3 Communications, Inc.","Level 3, LLC","AS3356 Level 3 Parent, LLC"
1802,Singapore,Central Singapore,Singapore,48582,1.28009,103.851,Asia/Singapore,Amazon Technologies Inc.,AWS EC2 (ap-southeast-1),"AS16509 Amazon.com, Inc."
1806,Chicago,Illinois,United States,60602,41.8874,-87.6318,America/Chicago,Nokia of America Corporation,Nokia of America Corporation,AS10455 Nokia of America Corporation
1830,Minato-ku,Tokyo,Japan,105-0012,35.6552,139.761,Asia/Tokyo,Softbank BB Corp.,SOFTBANK Corp,AS17676 SoftBank Corp.
1832,Utrecht,Utrecht,The Netherlands,3512,52.0907,5.12142,Europe/Amsterdam,SURFnet III b,SURFnet bv,AS1101 SURF B.V.
1839,Whitehall,Ohio,United States,43218,39.9747,-82.8947,America/New_York,DoD Network Information Center,DoD Network Information Center,AS749 DoD Network Information Center
1842,Whitehall,Ohio,United States,43218,39.9747,-82.8947,America/New_York,DoD Network Information Center,DoD Network Information Center,AS749 DoD Network Information Center
1851,Chiyoda,Tokyo,Japan,100-8111,35.6906,139.77,Asia/Tokyo,Kddi Corporation,KDDI,AS2516 KDDI CORPORATION
1856,Monroe,Louisiana,United States,71203,32.5896,-92.0669,America/Chicago,"Level 3 Communications, Inc.","Level 3, LLC","AS3356 Level 3 Parent, LLC"
1863,Dublin,Leinster,Ireland,D02,53.3498,-6.26031,Europe/Dublin,Amazon Technologies Inc.,AWS EC2 (eu-west-1),"AS16509 Amazon.com, Inc."
1874,Minato-ku,Tokyo,Japan,104-0045,35.6629,139.761,Asia/Tokyo,Softbank BB Corp.,Japan nation-wide Network of SOFTBANK BB Corp.,AS17676 SoftBank Corp.
1877,Kuala Lumpur,Kuala Lumpur,Malaysia,50515,3.1408,101.6852,Asia/Kuala_Lumpur,TM TECHNOLOGY SERVICES SDN BHD,Adsl Streamyx,AS4788 TM TECHNOLOGY SERVICES SDN. BHD.
1883,San Francisco,California,United States,94109,37.783,-122.417,America/Los_Angeles,Microsoft Corporation,Microsoft Azure Cloud (westus),AS8075 Microsoft Corporation
1893,Sierra Vista,Arizona,United States,85613,31.5552,-110.35,America/Phoenix,DoD Network Information Center,USAISC,AS721 DoD Network Information Center
1905,Chicago,Illinois,United States,60666,41.8781,-87.6298,America/Chicago,"T-Mobile USA, Inc.","T-Mobile USA, Inc.","AS21928 T-Mobile USA, Inc."
1911,Whitehall,Ohio,United States,43218,39.9747,-82.8947,America/New_York,DoD Network Information Center,DoD Network Information Center,AS749 DoD Network Information Center
1914,Monroe,Louisiana,United States,71203,32.5896,-92.0669,America/Chicago,"Level 3 Communications, Inc.","Level 3, LLC","AS3356 Level 3 Parent, LLC"
1919,Whitehall,Ohio,United States,43218,39.9747,-82.8947,America/New_York,DoD Network Information Center,DoD Network Information Center,AS749 DoD Network Information Center
1921,Whitehall,Ohio,United States,43218,39.9747,-82.8947,America/New_York,DoD Network Information Center,DoD Network Information Center,AS749 DoD Network Information Center
1930,Shenzhen,Guangdong,China,518000,22.5431,114.058,Asia/Shanghai,China Internet Network Information Center,"Tencent cloud computing (Beijing) Co., Ltd.",AS45090 Shenzhen Tencent Computer Systems Company Limited
1931,Beijing,Beijing,China,100000,39.9042,116.407,Asia/Shanghai,China Networks Inter-Exchange,Bjenet,AS4847 China Networks Inter-Exchange
1940,Sierra Vista,Arizona,United States,85613,31.5552,-110.35,America/Phoenix,DoD Network Information Center,USAISC,AS367 DoD Network Information Center
1944,Portland,Oregon,United States,97207,45.5235,-122.676,America/Los_Angeles,"Amazon.com, Inc.",AWS EC2 (us-west-2),"AS16509 Amazon.com, Inc."
1950,Portland,Oregon,United States,97207,45.5235,-122.676,America/Los_Angeles,"Amazon.com, Inc.",AWS EC2 (us-west-2),"AS16509 Amazon.com, Inc."
1956,Whitehall,Ohio,United States,43218,39.9747,-82.8947,America/New_York,DoD Network Information Center,DoD Network Information Center,AS749 DoD Network Information Center
1962,San Francisco,California,United States,94109,37.783,-122.417,America/Los_Angeles,Microsoft Corporation,Microsoft Azure Cloud (westus),AS8075 Microsoft Corporation
1969,Whitehall,Ohio,United States,43218,39.9747,-82.8947,America/New_York,DoD Network Information Center,DoD Network Information Center,AS749 DoD Network Information Center
1980,Utrecht,Utrecht,The Netherlands,3512,52.0907,5.12142,Europe/Amsterdam,SURFnet III b,SURFnet bv,AS1101 SURF B.V.
1984,Boydton,Virginia,United States,23917,36.677696,-78.37471,America/New_York,Microsoft Corporation,Microsoft Azure Cloud (eastus),AS8075 Microsoft Corporation
1987,Bremen,Bremen,Germany,28195,53.0832,8.78828,Europe/Berlin,Deutsche Telekom AG,Deutsche Telekom AG,AS3320 Deutsche Telekom AG
1990,Whitehall,Ohio,United States,43218,39.9747,-82.8947,America/New_York,DoD Network Information Center,DoD Network Information Center,AS749 DoD Network Information Center
1991,San Jose,California,United States,95141,37.3382,-121.886,America/Los_Angeles,Akamai International B.V.,"Akamai Technologies, Inc.",AS20940 Akamai International B.V.
2023,New York,New York,United States,10123,40.7128,-74.006,America/New_York,Verizon Business,Verizon Business,AS701 Verizon Business
2037,Whitehall,Ohio,United States,43218,39.9747,-82.8947,America/New_York,DoD Network Information Center,DoD Network Information Center,AS749 DoD Network Information Center
2039,Whitehall,Ohio,United States,43218,39.9747,-82.8947,America/New_York,DoD Network Information Center,DoD Network Information Center,AS749 DoD Network Information Center
2040,Whitehall,Ohio,United States,43218,39.9747,-82.8947,America/New_York,DoD Network Information Center,DoD Network Information Center,AS749 DoD Network Information Center
2047,Whitehall,Ohio,United States,43218,39.9747,-82.8947,America/New_York,DoD Network Information Center,DoD Network Information Center,AS749 DoD Network Information Center
2050,Broomfield,Colorado,United States,80021,39.9209,-105.144,America/Denver,"Level 3 Communications, Inc.","Level 3 Communications, Inc.","AS3356 Level 3 Parent, LLC"
2053,Auburndale,Florida,United States,33823,28.0699,-81.8107,America/New_York,Charter Communications,Spectrum,"AS33363 Charter Communications, Inc"
2065,Whitehall,Ohio,United States,43218,39.9747,-82.8947,America/New_York,DoD Network Information Center,DoD Network Information Center,AS749 DoD Network Information Center
2087,Portland,Oregon,United States,97207,45.5235,-122.676,America/Los_Angeles,"Amazon.com, Inc.",AWS EC2 (us-west-2),"AS16509 Amazon.com, Inc."
2091,Sierra Vista,Arizona,United States,85613,31.5552,-110.35,America/Phoenix,DoD Network Information Center,USAISC,AS721 DoD Network Information Center
2094,Portland,Oregon,United States,97207,45.5235,-122.676,America/Los_Angeles,"Amazon.com, Inc.",AWS EC2 (us-west-2),"AS16509 Amazon.com, Inc."
2110,Whitehall,Ohio,United States,43218,39.9747,-82.8947,America/New_York,DoD Network Information Center,DoD Network Information Center,AS721 DoD Network Information Center
2112,Whitehall,Ohio,United States,43218,39.9747,-82.8947,America/New_York,DoD Network Information Center,DoD Network Information Center,AS749 DoD Network Information Center
2119,Nanjing,Jiangsu,China,210000,32.0607,118.763,Asia/Shanghai,Chinanet,Chinanet JS,AS4134 CHINANET-BACKBONE
2123,New York,New York,United States,10123,40.7128,-74.006,America/New_York,Verizon Business,Verizon Business,AS22394 Verizon Business
2125,São Paulo,São Paulo,Brazil,1000,-23.6283,-46.6409,America/Sao_Paulo,Vivo,TELEFONICA BRASIL S.A,AS27699 TELEFÔNICA BRASIL S.A
2126,Minato-ku,Tokyo,Japan,104-0045,35.6629,139.761,Asia/Tokyo,Softbank BB Corp.,Japan nation-wide Network of SOFTBANK BB CORP,AS17676 SoftBank Corp.
2134,Chicago,Illinois,United States,60666,41.8781,-87.6298,America/Chicago,United States Cellular Telephone Company,Service Provider Corporation,"AS6614 UNITED STATES CELLULAR TELEPHONE COMPANY (GREATER KNOXVILLE), L.P."
2145,Whitehall,Ohio,United States,43218,39.9747,-82.8947,America/New_York,DoD Network Information Center,DoD Network Information Center,AS749 DoD Network Information Center
2150,San Diego,California,United States,92111,32.819,-117.179,America/Los_Angeles,"University of California, San Diego",Amateur Radio Digital Communications,"AS7377 University of California, San Diego"
2152,San Diego,California,United States,92111,32.819,-117.179,America/Los_Angeles,"University of California, San Diego",Amateur Radio Digital Communications,"AS7377 University of California, San Diego"
2155,New York,New York,United States,10123,40.7128,-74.006,America/New_York,Verizon Business,Cellco Partnership DBA Verizon Wireless,AS22394 Verizon Business
2161,Nanjing,Jiangsu,China,210000,32.0607,118.763,Asia/Shanghai,Chinanet,Chinanet JS,AS4134 CHINANET-BACKBONE
2164,New York,New York,United States,10123,40.7128,-74.006,America/New_York,Verizon Business,Verizon Business,AS22394 Verizon Business
2167,Denver,Colorado,United States,80294,39.7523,-104.984,America/Denver,"Comcast Cable Communications, LLC","Comcast IP Services, L.L.C.","AS7922 Comcast Cable Communications, LLC"
2168,San Diego,California,United States,92111,32.819,-117.179,America/Los_Angeles,"University of California, San Diego",Amateur Radio Digital Communications,"AS7377 University of California, San Diego"
2175,Whitehall,Ohio,United States,43218,39.9747,-82.8947,America/New_York,DoD Network Information Center,DoD Network Information Center,AS749 DoD Network Information Center
2182,London,England,United Kingdom,W1B,51.5072,-0.127586,Europe/London,MICROSOFT,Microsoft Limited,AS8075 Microsoft Corporation
2183,New York,New York,United States,10123,40.7128,-74.006,America/New_York,"CenturyLink Communications, LLC","CenturyLink Communications, LLC","AS209 CenturyLink Communications, LLC"
2194,Whitehall,Ohio,United States,43218,39.9747,-82.8947,America/New_York,DoD Network Information Center,DoD Network Information Center,AS749 DoD Network Information Center
2200,Chicago,Illinois,United States,60616,41.8536,-87.6183,America/Chicago,Verizon Business,Verizon Business,AS701 Verizon Business
2214,Chicago,Illinois,United States,60666,41.8781,-87.6298,America/Chicago,"T-Mobile USA, Inc.","T-Mobile USA, Inc.","AS21928 T-Mobile USA, Inc."
2227,Whitehall,Ohio,United States,43218,39.9747,-82.8947,America/New_York,DoD Network Information Center,DoD Network Information Center,AS749 DoD Network Information Center
2228,São Paulo,São Paulo,Brazil,1000,-23.6283,-46.6409,America/Sao_Paulo,Vivo,TELEFONICA BRASIL S.A,AS27699 TELEFÔNICA BRASIL S.A
2242,Stuttgart,Baden-Wurttemberg,Germany,70327,48.7863,9.23807,Europe/Berlin,Mercedes-Benz Group AG,Daimler AG,AS31399 Mercedes-Benz Group AG
2247,Stuttgart,Baden-Wurttemberg,Germany,70327,48.7863,9.23807,Europe/Berlin,Mercedes-Benz Group AG,Daimler AG,AS31399 Mercedes-Benz Group AG
2249,Whitehall,Ohio,United States,43218,39.9747,-82.8947,America/New_York,DoD Network Information Center,DoD Network Information Center,AS749 DoD Network Information Center
2263,Norfolk,Virginia,United States,23501,36.9151,-76.1866,America/New_York,DoD Network Information Center,Navy Network Information Center,AS721 DoD Network Information Center
2269,Dublin,Leinster,Ireland,D02,53.3498,-6.26031,Europe/Dublin,Amazon Technologies Inc.,AWS EC2 (eu-west-1),"AS16509 Amazon.com, Inc."
2272,New York,New York,United States,10123,40.7128,-74.006,America/New_York,"AT&T Services, Inc.",AT&T Corp,"AS7018 AT&T Services, Inc."
2274,Whitehall,Ohio,United States,43218,39.9747,-82.8947,America/New_York,DoD Network Information Center,DoD Network Information Center,AS749 DoD Network Information Center
2287,Whitehall,Ohio,United States,43218,39.9747,-82.8947,America/New_York,DoD Network Information Center,DoD Network Information Center,AS721 DoD Network Information Center
2300,Whitehall,Ohio,United States,43218,39.9747,-82.8947,America/New_York,DoD Network Information Center,DoD Network Information Center,AS749 DoD Network Information Center
2311,Portland,Oregon,United States,97207,45.5235,-122.676,America/Los_Angeles,"Amazon.com, Inc.",AWS EC2 (us-west-2),"AS16509 Amazon.com, Inc."
