Device_ID,Device_Type,Network_Type,PLMN,LAI,Avg_Latency_ms,Connection_Drop_Rate_Pct,Linkage_Index
D1000,Smartphone,4G,310260,310-260-6850,70,0.26,132
D1001,Smartphone,4G,310260,310-260-9444,47,0.44,1442
D1002,Smartphone,5G,24004,240-04-3724,14,0.37,883
D1003,Smartphone,3G,23433,234-33-9564,139,0.76,2178
D1004,Smartphone,5G,24007,240-07-9938,23,0.03,1318
D1005,IoT Device,5G,310480,310-480-3102,12,0.12,2402
D1006,Smartphone,4G,23433,234-33-9584,62,0.94,2219
D1007,Smartphone,3G,310260,310-260-4302,141,1.1,2521
D1008,Smartphone,4G,310480,310-480-4860,64,0.69,47
D1009,IoT Device,5G,23415,234-15-9543,24,0.3,1906
D1010,IoT Device,4G,310120,310-120-1086,30,1.16,2861
D1011,Tablet,5G,310260,310-260-6850,15,0.35,183
D1012,Tablet,3G,310480,310-480-8366,113,1.33,1522
D1013,Tablet,4G,20601,206-01-3939,43,1.44,2590
D1014,IoT Device,4G,310410,310-410-3621,51,0.24,611
D1015,Smartphone,4G,20620,206-20-1132,54,0.24,30
D1016,Smartphone,3G,24008,240-08-3780,114,2.31,2119
D1017,Smartphone,4G,310120,310-120-8167,32,1.12,1729
D1018,Smartphone,4G,24008,240-08-6344,64,0.27,1634
D1019,Tablet,3G,23410,234-10-1228,118,0.74,1011
D1020,Tablet,4G,20605,206-05-8679,48,1.26,2952
D1021,IoT Device,5G,20620,206-20-7730,29,0.44,2117
D1022,IoT Device,3G,310480,310-480-9234,116,2.23,1843
D1023,Tablet,5G,24008,240-08-2193,12,0.03,1060
D1024,Smartphone,5G,20620,206-20-8237,17,0.39,1756
D1025,Tablet,5G,20610,206-10-6568,12,0.43,2319
D1026,IoT Device,4G,310410,310-410-3621,36,0.63,2067
D1027,Tablet,4G,20605,206-05-9090,59,0.99,2095
D1028,Smartphone,3G,24001,240-01-7912,116,0.99,1590
D1029,IoT Device,4G,24001,240-01-5506,52,0.39,2317
D1030,Tablet,3G,23433,234-33-6295,104,2.61,1042
D1031,IoT Device,5G,20601,206-01-1231,30,0.04,1528
D1032,Tablet,3G,23430,234-30-2503,91,2.1,238
D1033,Tablet,3G,310410,310-410-3255,101,0.99,1461
D1034,Smartphone,4G,23410,234-10-5837,54,0.48,384
D1035,IoT Device,4G,310480,310-480-7825,70,1.06,1727
D1036,IoT Device,3G,24002,240-02-3646,98,2.55,2809
D1037,Smartphone,5G,24008,240-08-4262,11,0.12,2152
D1038,IoT Device,4G,24024,240-24-8758,32,1.23,375
D1039,Smartphone,3G,23415,234-15-8285,121,1.3,1424
D1040,Smartphone,5G,20605,206-05-4241,16,0.46,155
D1041,IoT Device,5G,20610,206-10-3369,28,0.44,193
D1042,Smartphone,5G,310480,310-480-1496,20,0.11,1880
D1043,Smartphone,4G,24024,240-24-3749,61,0.65,2785
D1044,Smartphone,4G,310120,310-120-2821,59,0.3,882
D1045,IoT Device,5G,24004,240-04-9479,14,0.13,2697
D1046,Tablet,5G,20610,206-10-9117,27,0.27,2911
D1047,Smartphone,3G,24016,240-16-8956,144,1.79,2174
D1048,Tablet,4G,23433,234-33-8354,67,0.66,2423
D1049,Smartphone,3G,23410,234-10-3240,98,3.49,1512
D1050,Smartphone,5G,24016,240-16-7883,14,0.26,1075
D1051,Smartphone,3G,23433,234-33-2868,81,2.77,1354
D1052,Smartphone,5G,24005,240-05-5333,13,0.08,494
D1053,Smartphone,5G,24002,240-02-7482,15,0.4,334
D1054,Tablet,4G,23433,234-33-8138,57,0.93,1746
D1055,IoT Device,3G,23430,234-30-3578,119,1.64,858
D1056,Smartphone,3G,23415,234-15-9408,129,2.09,2822
D1057,Smartphone,3G,23430,234-30-3549,140,3.08,1640
D1058,Smartphone,5G,24001,240-01-5374,10,0.34,2246
D1059,Smartphone,5G,24001,240-01-2824,13,0.34,1222
D1060,Smartphone,5G,20601,206-01-4937,27,0.38,619
D1061,Smartphone,4G,20605,206-05-8253,51,0.26,829
D1062,Tablet,3G,23410,234-10-5847,125,0.97,851
D1063,Tablet,5G,20620,206-20-4826,10,0.48,2767
D1064,Tablet,4G,23410,234-10-5689,46,1.46,2557
D1065,Smartphone,5G,24008,240-08-5173,15,0.26,1490
D1066,Tablet,5G,310480,310-480-9476,13,0.44,2420
D1067,IoT Device,3G,310120,310-120-8167,108,3.03,1761
D1068,Tablet,4G,310480,310-480-5949,62,0.95,1916
D1069,Smartphone,3G,24024,240-24-5762,89,1.62,71
D1070,Tablet,5G,310410,310-410-1424,15,0.27,2203
D1071,Smartphone,4G,20605,206-05-1977,63,1.39,2057
D1072,Tablet,5G,310410,310-410-5264,29,0.17,1728
D1073,IoT Device,3G,23415,234-15-7866,72,0.84,346
D1074,Smartphone,5G,24016,240-16-8140,21,0.44,385
D1075,Smartphone,4G,20620,206-20-8749,49,0.44,1234
D1076,IoT Device,3G,23410,234-10-2592,100,3.13,2286
D1077,Tablet,5G,23430,234-30-2140,12,0.05,1170
D1078,Smartphone,4G,20610,206-10-9117,61,1.24,2260
D1079,Tablet,3G,23438,234-38-3463,138,2.8,1356
D1080,Smartphone,3G,310260,310-260-1266,86,2.48,1462
D1081,Tablet,4G,20601,206-01-9004,65,0.33,1372
D1082,Tablet,4G,20610,206-10-8905,63,1.32,2322
D1083,Smartphone,4G,23433,234-33-8138,57,1.45,2157
D1084,Smartphone,4G,24016,240-16-3977,64,1.16,1778
D1085,Smartphone,3G,24004,240-04-4681,95,2.64,716
D1086,Smartphone,5G,310410,310-410-3223,22,0.5,2582
D1087,Smartphone,4G,310480,310-480-3697,53,0.71,2684
D1088,Smartphone,4G,20610,206-10-2667,63,0.73,24
D1089,Smartphone,4G,23438,234-38-3317,45,0.41,357
D1090,Smartphone,3G,23430,234-30-1502,113,0.56,2664
D1091,IoT Device,4G,310410,310-410-5757,65,0.42,1703
D1092,Smartphone,4G,310410,310-410-1510,44,0.11,1301
D1093,IoT Device,5G,20620,206-20-4826,30,0.04,2941
D1094,Smartphone,5G,20610,206-10-7807,12,0.45,968
D1095,Tablet,5G,20620,206-20-4826,20,0.04,1817
D1096,Tablet,5G,20610,206-10-3522,17,0.15,2605
D1097,Smartphone,4G,24008,240-08-4443,61,0.4,2158
D1098,IoT Device,4G,23433,234-33-2734,38,1.11,1865
D1099,IoT Device,5G,310120,310-120-4906,28,0.29,628
D1100,IoT Device,3G,20605,206-05-2330,101,2.85,1039
D1101,IoT Device,4G,23438,234-38-5128,56,0.37,1108
D1102,IoT Device,3G,23415,234-15-7866,82,2.48,2772
D1103,IoT Device,3G,23433,234-33-4871,115,1.77,818
D1104,Smartphone,3G,24001,240-01-2824,129,3.09,1643
D1105,IoT Device,5G,24001,240-01-3547,11,0.34,1153
D1106,Smartphone,3G,23438,234-38-3527,82,0.68,2366
D1107,Smartphone,5G,24016,240-16-7275,20,0.4,1710
D1108,Tablet,3G,23410,234-10-5497,83,1.25,365
D1109,Tablet,5G,20620,206-20-5216,16,0.27,14
D1110,IoT Device,5G,23433,234-33-8199,14,0.22,1427
D1111,Smartphone,4G,20605,206-05-8253,47,0.75,1208
D1112,Tablet,4G,23430,234-30-1502,34,0.72,2463
D1113,Tablet,5G,23420,234-20-4485,27,0.06,1992
D1114,IoT Device,4G,20605,206-05-1534,64,1.27,311
D1115,Tablet,4G,23433,234-33-2479,35,1.4,2318
D1116,Smartphone,4G,310410,310-410-8273,45,0.33,848
D1117,Smartphone,4G,310260,310-260-9897,61,0.77,2069
D1118,Smartphone,3G,20605,206-05-1986,121,3.21,1133
D1119,Smartphone,4G,23438,234-38-7108,40,0.63,1080
D1120,Tablet,5G,20601,206-01-8933,22,0.14,1932
D1121,Smartphone,5G,20610,206-10-5479,24,0.15,1447
D1122,Tablet,4G,23433,234-33-6456,65,1.03,666
D1123,Tablet,5G,310260,310-260-8272,25,0.09,1658
D1124,Smartphone,5G,20601,206-01-4937,19,0.12,2257
D1125,IoT Device,3G,24005,240-05-4346,77,2.24,925
D1126,Smartphone,5G,20610,206-10-5722,27,0.04,1786
D1127,Tablet,4G,310260,310-260-6170,50,0.18,1196
D1128,Tablet,4G,310120,310-120-5469,67,0.77,1160
D1129,Smartphone,3G,310480,310-480-8632,137,0.97,1719
D1130,Smartphone,5G,24024,240-24-7211,26,0.05,498
D1131,IoT Device,3G,310480,310-480-5061,93,0.71,1073
D1132,Smartphone,4G,23410,234-10-5210,34,1.05,2958
D1133,IoT Device,3G,23438,234-38-6962,100,1.71,1962
D1134,Smartphone,4G,20610,206-10-2143,66,0.44,1104
D1135,Tablet,3G,23415,234-15-3076,146,0.62,1177
D1136,Tablet,5G,23420,234-20-3972,12,0.22,2974
D1137,Tablet,5G,24002,240-02-5342,28,0.29,1860
D1138,Smartphone,5G,24005,240-05-8973,20,0.47,1632
D1139,Smartphone,5G,310260,310-260-2106,16,0.34,2888
D1140,Tablet,5G,24007,240-07-9379,20,0.13,1051
D1141,IoT Device,5G,310260,310-260-8055,22,0.07,2111
D1142,Smartphone,3G,310120,310-120-5583,108,1.87,40
D1143,Smartphone,4G,310120,310-120-9991,34,0.11,2446
D1144,Smartphone,3G,310120,310-120-5469,149,3.5,662
D1145,IoT Device,5G,24001,240-01-6925,13,0.05,2798
D1146,Smartphone,5G,310410,310-410-1570,16,0.26,2588
D1147,IoT Device,5G,24004,240-04-5562,14,0.47,1432
D1148,Tablet,5G,24024,240-24-5558,12,0.44,1298
D1149,IoT Device,5G,310260,310-260-4950,21,0.15,1651
D1150,IoT Device,5G,20605,206-05-5102,24,0.42,1845
D1151,Smartphone,4G,23420,234-20-6553,49,0.96,2184
D1152,Smartphone,3G,23433,234-33-4986,137,0.52,2148
D1153,Smartphone,4G,24001,240-01-8428,65,0.52,356
D1154,Tablet,4G,23438,234-38-6072,36,1.41,1213
D1155,IoT Device,4G,310120,310-120-6221,38,0.47,1457
D1156,IoT Device,4G,23415,234-15-1536,36,1.14,2485
D1157,Tablet,3G,23410,234-10-5847,89,1.32,2894
D1158,Smartphone,4G,23438,234-38-6962,68,0.39,756
D1159,Smartphone,3G,23410,234-10-1359,113,1.11,1766
D1160,Smartphone,4G,310410,310-410-1570,70,1.29,2349
D1161,Tablet,4G,20620,206-20-8486,62,0.78,2074
D1162,Smartphone,5G,24024,240-24-9031,11,0.06,929
D1163,Smartphone,4G,20620,206-20-9955,57,1.26,1924
D1164,Smartphone,3G,310480,310-480-8632,75,0.51,1150
D1165,Tablet,3G,310410,310-410-9047,86,2.41,118
D1166,Tablet,3G,23430,234-30-3549,103,0.98,881
D1167,Smartphone,5G,20620,206-20-1474,24,0.28,1206
D1168,Smartphone,5G,20605,206-05-5871,23,0.28,1320
D1169,Tablet,3G,23433,234-33-8155,84,0.73,1232
D1170,IoT Device,5G,20601,206-01-8753,14,0.28,862
D1171,IoT Device,3G,310480,310-480-8632,117,2.25,1705
D1172,Smartphone,3G,23438,234-38-7347,88,1.79,1408
D1173,Smartphone,4G,20610,206-10-9117,32,0.53,2020
D1174,IoT Device,3G,23410,234-10-5837,75,3.2,1409
D1175,Smartphone,3G,310120,310-120-5469,96,2.55,855
D1176,Smartphone,4G,23415,234-15-4475,36,0.6,293
D1177,Smartphone,5G,20601,206-01-3293,27,0.44,31
D1178,Smartphone,5G,20620,206-20-3785,23,0.49,1757
D1179,Tablet,3G,23410,234-10-3153,89,3.28,2909
D1180,IoT Device,4G,20620,206-20-7730,45,1.31,2856
D1181,Smartphone,4G,23433,234-33-9307,41,1.33,2569
D1182,Tablet,4G,23410,234-10-5837,31,0.35,1274
D1183,IoT Device,5G,310410,310-410-3621,20,0.39,1953
D1184,Smartphone,5G,24016,240-16-9270,23,0.4,2734
D1185,Smartphone,4G,20610,206-10-9117,45,0.47,1814
D1186,Tablet,4G,23415,234-15-3129,36,0.64,2139
D1187,Smartphone,5G,20601,206-01-1841,11,0.43,2736
D1188,Smartphone,5G,20620,206-20-1919,17,0.11,2963
D1189,Tablet,4G,23410,234-10-1359,59,0.59,1536
D1190,Smartphone,5G,20610,206-10-9117,17,0.12,551
D1191,IoT Device,3G,310480,310-480-6644,94,1.7,2256
D1192,Smartphone,4G,23410,234-10-5295,47,1.31,1747
D1193,Tablet,4G,20605,206-05-4457,47,0.59,236
D1194,Tablet,4G,310120,310-120-5469,62,0.66,1888
D1195,IoT Device,4G,310260,310-260-9945,64,0.56,1973
D1196,Smartphone,5G,20620,206-20-8555,10,0.07,2802
D1197,Smartphone,3G,310260,310-260-7029,103,1.04,603
D1198,IoT Device,4G,20620,206-20-4826,46,0.15,2018
D1199,Tablet,3G,23420,234-20-7566,146,1.8,2059
D1200,Tablet,4G,23438,234-38-6962,50,0.71,1494
D1201,Tablet,4G,24007,240-07-1685,62,0.26,2333
D1202,Smartphone,3G,23415,234-15-9017,143,1.07,741
D1203,Tablet,3G,310410,310-410-1530,75,2.63,903
D1204,IoT Device,5G,20605,206-05-2169,10,0.26,1220
D1205,IoT Device,5G,310410,310-410-8179,27,0.35,2190
D1206,IoT Device,3G,23415,234-15-8504,95,1.59,2948
D1207,Smartphone,4G,310260,310-260-5498,34,1.43,876
D1208,Tablet,5G,20610,206-10-1042,20,0.32,1187
D1209,Tablet,3G,23420,234-20-7929,85,2.66,308
D1210,Tablet,3G,23415,234-15-4817,108,2.02,2017
D1211,IoT Device,5G,24004,240-04-8177,23,0.17,125
D1212,IoT Device,4G,310260,310-260-2106,48,0.88,2443
D1213,Smartphone,5G,20601,206-01-4937,16,0.22,590
D1214,Smartphone,4G,24007,240-07-1590,54,1.05,1580
D1215,Tablet,4G,310410,310-410-4878,41,0.96,1670
D1216,Tablet,5G,20610,206-10-1018,19,0.21,458
D1217,Smartphone,4G,310410,310-410-8179,30,0.53,1914
D1218,Smartphone,3G,20601,206-01-9041,96,1.79,2379
D1219,Tablet,5G,20610,206-10-9117,28,0.31,1464
D1220,Smartphone,5G,20605,206-05-8025,20,0.24,661
D1221,Smartphone,5G,20601,206-01-6912,24,0.34,2240
D1222,Smartphone,4G,310120,310-120-8361,62,0.76,1020
D1223,IoT Device,3G,20601,206-01-5952,91,2.48,1768
D1224,Smartphone,4G,20605,206-05-3973,48,0.82,258
D1225,IoT Device,4G,310260,310-260-6850,70,0.97,1783
D1226,IoT Device,4G,20610,206-10-7284,35,1.25,1428
D1227,Smartphone,4G,310260,310-260-9151,45,1.04,2367
D1228,Tablet,4G,24024,240-24-6225,44,1.23,23
D1229,Smartphone,3G,20610,206-10-9998,88,0.57,755
D1230,Smartphone,4G,20610,206-10-9889,45,1.48,815
D1231,Tablet,3G,23438,234-38-2388,148,3.05,1312
D1232,Smartphone,5G,20605,206-05-8253,12,0.23,203
D1233,Smartphone,5G,20610,206-10-5722,30,0.29,1868
D1234,Smartphone,5G,20620,206-20-1474,22,0.25,1683
D1235,IoT Device,4G,310410,310-410-7730,45,0.31,571
D1236,Smartphone,5G,310120,310-120-6727,10,0.45,1969
D1237,Tablet,4G,23438,234-38-8170,36,1.19,1221
D1238,IoT Device,5G,20601,206-01-8342,17,0.1,2045
D1239,Smartphone,5G,310410,310-410-3621,26,0.24,126
D1240,Smartphone,5G,20601,206-01-6912,27,0.13,2685
D1241,Smartphone,5G,20605,206-05-8679,13,0.23,1652
D1242,Smartphone,4G,23415,234-15-7523,59,1.03,1655
D1243,Tablet,3G,23415,234-15-4538,141,2.29,2395
D1244,Smartphone,4G,310260,310-260-6554,58,0.96,2882
D1245,IoT Device,3G,20620,206-20-4826,134,1.78,1618
D1246,Smartphone,5G,24007,240-07-7939,27,0.23,997
D1247,Tablet,4G,20620,206-20-7730,40,1.14,2043
D1248,Tablet,4G,310120,310-120-3273,60,0.73,1225
D1249,Smartphone,5G,24024,240-24-8532,17,0.42,1545
D1250,Tablet,4G,20605,206-05-2166,47,1.17,1555
D1251,Smartphone,4G,23438,234-38-9749,63,0.78,646
D1252,IoT Device,5G,20620,206-20-3950,17,0.14,1194
D1253,Smartphone,5G,24004,240-04-2049,12,0.36,2501
D1254,Smartphone,4G,310410,310-410-3513,45,0.48,2791
D1255,IoT Device,3G,23420,234-20-7779,110,3.18,1985
D1256,Smartphone,4G,310120,310-120-4068,35,0.29,2565
D1257,IoT Device,4G,20601,206-01-4937,44,0.64,1874
D1258,Smartphone,4G,23433,234-33-1616,39,1.09,1917
D1259,Smartphone,4G,20605,206-05-7594,34,0.68,1399
D1260,Smartphone,4G,20605,206-05-9430,51,0.86,75
D1261,IoT Device,5G,310120,310-120-8361,23,0.04,408
D1262,Smartphone,4G,310120,310-120-9647,56,0.65,1114
D1263,Smartphone,5G,20601,206-01-6912,28,0.47,2966
D1264,Smartphone,4G,24004,240-04-7537,31,1.3,2161
D1265,IoT Device,5G,23433,234-33-6752,28,0.2,734
D1266,Smartphone,4G,20620,206-20-8555,30,1.42,2849
D1267,Tablet,3G,310410,310-410-3828,108,2.76,2179
D1268,Tablet,4G,20610,206-10-9889,56,0.85,2216
D1269,Smartphone,5G,24001,240-01-3045,27,0.4,2631
D1270,Smartphone,4G,310410,310-410-8372,44,0.78,713
D1271,Smartphone,3G,23420,234-20-2768,104,1.81,1662
D1272,Smartphone,4G,23410,234-10-9138,31,0.64,2027
D1273,Smartphone,5G,310260,310-260-2293,22,0.36,1660
D1274,IoT Device,4G,20610,206-10-9327,59,1.39,2288
D1275,Smartphone,3G,24007,240-07-6425,149,2.1,2189
D1276,Smartphone,4G,20601,206-01-9004,55,0.93,2758
D1277,Smartphone,4G,20610,206-10-1601,31,0.22,1071
D1278,Tablet,4G,310260,310-260-6776,57,0.29,2282
D1279,IoT Device,4G,310120,310-120-1627,59,0.35,355
D1280,Tablet,3G,23415,234-15-9408,103,1.64,471
D1281,Smartphone,3G,310410,310-410-5566,97,1.86,2903
D1282,Tablet,4G,23433,234-33-8155,51,1.17,994
D1283,Smartphone,5G,310480,310-480-6228,22,0.15,437
D1284,Smartphone,3G,310120,310-120-8361,123,1.26,2947
D1285,Smartphone,3G,23433,234-33-8601,80,1.91,1913
D1286,IoT Device,5G,310260,310-260-9937,27,0.04,342
D1287,IoT Device,4G,23410,234-10-5847,52,0.41,1197
D1288,IoT Device,4G,310480,310-480-6531,34,1.19,196
D1289,Smartphone,5G,24016,240-16-9270,30,0.03,1151
D1290,Smartphone,5G,24016,240-16-8479,10,0.48,59
D1291,Smartphone,3G,23430,234-30-6655,95,3.02,2386
D1292,IoT Device,4G,310410,310-410-7012,69,0.31,1641
D1293,Smartphone,4G,24024,240-24-4673,38,0.76,133
D1294,IoT Device,4G,310480,310-480-8632,37,0.89,1256
D1295,Smartphone,5G,24001,240-01-2824,16,0.24,2795
D1296,Tablet,3G,23420,234-20-8900,102,2.8,1912
D1297,Tablet,5G,24024,240-24-9548,15,0.31,2680
D1298,Tablet,5G,20620,206-20-1251,13,0.39,100
D1299,Smartphone,5G,24024,240-24-5133,15,0.48,2115
D1300,Tablet,4G,23430,234-30-2140,36,0.91,2503
D1301,Smartphone,4G,310120,310-120-8167,49,0.91,1087
D1302,IoT Device,5G,310260,310-260-1266,22,0.2,678
D1303,Smartphone,5G,310260,310-260-6850,16,0.05,462
D1304,Smartphone,3G,24002,240-02-7543,150,1.23,779
D1305,Tablet,3G,24016,240-16-4613,108,3.05,886
D1306,Smartphone,5G,24024,240-24-2245,29,0.4,2642
D1307,IoT Device,4G,310260,310-260-6850,66,1.2,1889
D1308,IoT Device,3G,23415,234-15-4629,114,2.1,2041
D1309,Smartphone,5G,23410,234-10-7242,21,0.04,2398
D1310,Smartphone,5G,310120,310-120-2337,30,0.18,1884
D1311,Smartphone,5G,20605,206-05-3634,23,0.41,340
D1312,Tablet,4G,310260,310-260-3986,36,0.71,493
D1313,Smartphone,5G,24008,240-08-9375,21,0.32,1451
D1314,Smartphone,4G,20620,206-20-3258,59,1.09,25
D1315,Smartphone,4G,23433,234-33-8245,57,0.35,1164
D1316,IoT Device,4G,310480,310-480-3526,63,1.45,933
D1317,IoT Device,5G,310120,310-120-7934,18,0.31,1513
D1318,IoT Device,5G,20605,206-05-1977,27,0.39,1324
D1319,Smartphone,4G,23415,234-15-2801,59,0.71,2405
D1320,IoT Device,4G,23420,234-20-5176,67,0.48,1806
D1321,IoT Device,4G,23438,234-38-7108,45,1.26,237
D1322,Smartphone,4G,310120,310-120-4678,35,0.49,366
D1323,Smartphone,4G,310480,310-480-6644,58,0.44,300
D1324,Smartphone,4G,23420,234-20-8048,59,0.9,672
D1325,Tablet,5G,20620,206-20-9702,22,0.17,988
D1326,Smartphone,4G,20605,206-05-9276,61,1.29,67
D1327,Tablet,5G,24001,240-01-2674,15,0.25,1620
D1328,Smartphone,5G,24005,240-05-5616,21,0.4,2883
D1329,Smartphone,4G,310480,310-480-3507,51,0.49,286
D1330,Smartphone,4G,23430,234-30-3324,68,1.08,2155
D1331,Smartphone,4G,23438,234-38-7333,47,0.88,2224
D1332,Smartphone,3G,310120,310-120-1461,136,3.34,2515
D1333,Smartphone,5G,24005,240-05-7930,12,0.13,996
D1334,Tablet,5G,23420,234-20-7779,23,0.25,1163
D1335,Smartphone,5G,24001,240-01-7227,17,0.35,246
D1336,Smartphone,5G,20610,206-10-2442,30,0.36,2749
D1337,Smartphone,3G,20620,206-20-8269,127,2.88,235
D1338,Smartphone,3G,24024,240-24-7906,81,1.38,2994
D1339,Tablet,3G,23438,234-38-6962,121,2.58,2005
D1340,Tablet,3G,23410,234-10-2902,109,2.49,2820
D1341,IoT Device,4G,310480,310-480-8632,53,0.76,2055
D1342,IoT Device,3G,310480,310-480-8632,137,1.53,1790
D1343,Smartphone,4G,310410,310-410-3621,65,0.56,1309
D1344,Smartphone,3G,23433,234-33-8172,128,1.31,2930
D1345,Smartphone,5G,24002,240-02-1949,18,0.12,1276
D1346,Smartphone,5G,310410,310-410-3785,16,0.16,53
D1347,Tablet,5G,24001,240-01-2139,27,0.48,1923
D1348,Tablet,4G,310480,310-480-8632,41,0.37,2436
D1349,Smartphone,5G,24005,240-05-9504,25,0.15,60
D1350,Smartphone,5G,310260,310-260-2293,28,0.49,2991
D1351,Smartphone,5G,20620,206-20-8213,26,0.3,658
D1352,Smartphone,5G,20620,206-20-4826,13,0.42,1711
D1353,Tablet,4G,24002,240-02-4456,48,0.42,704
D1354,IoT Device,5G,310480,310-480-6669,15,0.16,2159
D1355,Smartphone,4G,20605,206-05-8381,64,0.28,885
D1356,Smartphone,5G,20610,206-10-7357,11,0.49,69
D1357,Smartphone,4G,310480,310-480-8632,65,0.51,1431
D1358,Smartphone,5G,24001,240-01-5012,14,0.32,800
D1359,Smartphone,3G,310120,310-120-8361,132,0.81,2753
D1360,Smartphone,4G,310410,310-410-3621,30,0.9,2658
D1361,Smartphone,5G,20605,206-05-8253,25,0.24,1325
D1362,Smartphone,5G,20601,206-01-9595,20,0.1,2324
D1363,IoT Device,4G,23433,234-33-6562,33,0.45,1185
D1364,Smartphone,4G,24007,240-07-7939,60,0.26,664
D1365,Smartphone,3G,23420,234-20-9984,78,1.7,727
D1366,IoT Device,5G,20620,206-20-7730,12,0.29,2360
D1367,IoT Device,4G,310410,310-410-7708,33,0.31,2585
D1368,Smartphone,5G,24024,240-24-7211,28,0.48,2192
D1369,Tablet,5G,24024,240-24-9817,12,0.5,2272
D1370,Smartphone,5G,24008,240-08-8238,13,0.28,2932
D1371,Smartphone,3G,23438,234-38-5634,123,2.32,870
D1372,Tablet,5G,20610,206-10-5157,29,0.12,79
D1373,Smartphone,3G,20605,206-05-3634,136,1.64,1958
D1374,IoT Device,5G,20620,206-20-4826,24,0.16,1592
D1375,Smartphone,4G,310120,310-120-8361,67,1.49,2814
D1376,IoT Device,3G,310410,310-410-3621,109,2.21,887
D1377,Smartphone,5G,24008,240-08-4997,11,0.31,1386
D1378,Tablet,3G,20620,206-20-1715,82,3.34,1137
D1379,Smartphone,5G,24008,240-08-4680,16,0.32,1613
D1380,IoT Device,5G,24004,240-04-6107,18,0.33,2984
D1381,Tablet,5G,20605,206-05-8141,15,0.13,538
D1382,Smartphone,4G,23438,234-38-6962,65,0.21,1726
D1383,Smartphone,5G,20601,206-01-9004,10,0.21,2118
D1384,Smartphone,3G,23420,234-20-6432,146,1.91,72
D1385,IoT Device,4G,23420,234-20-8075,32,0.42,170
D1386,IoT Device,5G,24016,240-16-8305,19,0.35,973
D1387,Tablet,3G,20620,206-20-4826,128,0.71,2151
D1388,Tablet,4G,20610,206-10-9431,44,1.39,2400
D1389,Smartphone,5G,24001,240-01-5554,30,0.3,2922
D1390,IoT Device,3G,23415,234-15-4559,95,1.78,2130
D1391,IoT Device,3G,23420,234-20-2768,139,1.17,239
D1392,Smartphone,5G,24007,240-07-7939,14,0.46,1497
D1393,IoT Device,4G,310480,310-480-3102,39,0.2,513
D1394,Smartphone,3G,24024,240-24-8102,91,2.88,2527
D1395,Smartphone,5G,20620,206-20-9229,29,0.38,1625
D1396,Tablet,5G,23438,234-38-6962,28,0.46,2634
D1397,Tablet,4G,20610,206-10-7622,58,0.27,1984
D1398,Tablet,5G,20605,206-05-2496,19,0.35,2645
D1399,Smartphone,5G,24005,240-05-5861,18,0.26,129
D1400,Tablet,4G,20620,206-20-5906,61,0.71,2233
D1401,Smartphone,5G,24024,240-24-6280,29,0.03,525
D1402,Tablet,5G,24007,240-07-1722,23,0.37,409
D1403,Smartphone,4G,23438,234-38-9749,68,0.45,1061
D1404,Tablet,3G,23438,234-38-5634,81,1.19,2296
D1405,Tablet,5G,24016,240-16-8564,28,0.3,2562
D1406,IoT Device,4G,24002,240-02-4456,31,1.5,2489
D1407,Tablet,4G,23438,234-38-1715,47,0.91,654
D1408,Tablet,3G,23430,234-30-2140,92,1.91,663
D1409,Smartphone,5G,20601,206-01-8800,30,0.23,2078
D1410,Smartphone,3G,24016,240-16-6502,105,1.04,245
D1411,Smartphone,5G,20620,206-20-3529,28,0.22,930
D1412,Smartphone,3G,310480,310-480-8632,132,3.41,2194
D1413,Tablet,4G,20605,206-05-8438,60,0.59,500
D1414,Smartphone,5G,20620,206-20-6873,20,0.17,204
D1415,IoT Device,4G,310480,310-480-8632,36,1.3,1034
D1416,IoT Device,3G,310120,310-120-2816,112,1.73,2587
D1417,IoT Device,5G,20620,206-20-1588,25,0.15,1195
D1418,IoT Device,3G,23415,234-15-4868,121,2.94,1397
D1419,Tablet,4G,20620,206-20-2293,65,0.15,2253
D1420,Smartphone,5G,20601,206-01-2070,12,0.16,209
D1421,Smartphone,5G,310480,310-480-9476,20,0.07,609
D1422,IoT Device,4G,310410,310-410-3598,55,1.31,92
D1423,Tablet,4G,24024,240-24-7211,30,1.02,964
D1424,Smartphone,5G,20601,206-01-9041,27,0.24,1216
D1425,Smartphone,4G,24004,240-04-9479,33,0.36,361
D1426,IoT Device,5G,310260,310-260-6952,21,0.32,2940
D1427,Smartphone,5G,24024,240-24-1420,25,0.32,2294
D1428,Tablet,3G,23410,234-10-1788,76,1.11,44
D1429,Tablet,5G,24008,240-08-9486,27,0.07,211
D1430,Smartphone,4G,20605,206-05-5335,48,0.71,961
D1431,IoT Device,5G,24007,240-07-7939,25,0.07,1636
D1432,IoT Device,4G,310480,310-480-3007,70,0.95,683
D1433,Smartphone,3G,23415,234-15-8344,100,2.63,1700
D1434,IoT Device,3G,310480,310-480-5745,109,2.15,197
D1435,Smartphone,4G,310410,310-410-7272,65,0.67,1203
D1436,Smartphone,4G,23433,234-33-8565,44,1.49,2334
D1437,Smartphone,3G,20601,206-01-4777,84,1.88,2666
D1438,IoT Device,4G,24005,240-05-8973,37,1.01,1393
D1439,IoT Device,3G,23433,234-33-9214,89,2.0,2561
D1440,Tablet,4G,24007,240-07-3647,48,0.81,1822
D1441,Smartphone,3G,24016,240-16-4788,104,1.75,532
D1442,Smartphone,3G,20620,206-20-8692,131,3.44,295
D1443,Tablet,4G,20601,206-01-8800,45,0.74,1503
D1444,IoT Device,3G,23420,234-20-7730,88,1.65,2520
D1445,Tablet,4G,20605,206-05-5871,68,0.81,2832
D1446,Tablet,4G,310120,310-120-5469,38,1.31,2075
D1447,IoT Device,3G,23420,234-20-2204,105,2.82,2427
D1448,Smartphone,4G,310120,310-120-8740,56,0.58,2292
D1449,Smartphone,4G,310480,310-480-1829,62,0.47,1698
D1450,Smartphone,5G,310480,310-480-5496,10,0.15,647
D1451,Tablet,4G,20610,206-10-8451,49,1.27,2669
D1452,Smartphone,5G,20610,206-10-1224,28,0.5,1361
D1453,IoT Device,5G,20620,206-20-7730,25,0.43,1624
D1454,Smartphone,4G,24024,240-24-7149,58,0.85,659
D1455,Smartphone,5G,24007,240-07-5533,21,0.17,1603
D1456,IoT Device,3G,24004,240-04-7537,139,1.63,565
D1457,Smartphone,5G,310480,310-480-7653,20,0.44,832
D1458,IoT Device,5G,310480,310-480-5012,17,0.29,107
D1459,IoT Device,5G,20620,206-20-3950,17,0.43,358
D1460,Smartphone,5G,24007,240-07-7939,23,0.03,1863
D1461,Smartphone,4G,20620,206-20-1715,60,1.09,287
D1462,IoT Device,4G,23420,234-20-3955,54,0.64,1483
D1463,Tablet,4G,24004,240-04-8744,39,0.79,405
D1464,Smartphone,4G,310260,310-260-8840,32,0.28,449
D1465,IoT Device,4G,310260,310-260-6776,67,0.56,1622
D1466,IoT Device,4G,24002,240-02-3621,36,1.32,2488
D1467,Smartphone,4G,310120,310-120-8361,58,0.24,2299
D1468,Smartphone,4G,24001,240-01-2654,59,0.12,2637
D1469,IoT Device,5G,20610,206-10-7561,14,0.21,1230
D1470,Smartphone,4G,24004,240-04-2104,39,0.2,1284
D1471,Smartphone,4G,24024,240-24-2341,46,0.57,2380
D1472,Smartphone,5G,310260,310-260-1266,22,0.33,1337
D1473,IoT Device,4G,310120,310-120-2821,51,1.29,440
D1474,Tablet,4G,23410,234-10-5210,64,0.63,168
D1475,Smartphone,5G,20610,206-10-8451,20,0.32,1377
D1476,Smartphone,4G,23415,234-15-5542,61,1.32,2628
D1477,Smartphone,5G,20601,206-01-8342,11,0.31,1243
D1478,Smartphone,5G,24001,240-01-8034,17,0.32,34
D1479,Tablet,3G,24008,240-08-6279,106,3.49,222
D1480,Tablet,3G,23420,234-20-4485,81,1.8,2721
D1481,Tablet,5G,23420,234-20-3955,13,0.38,1644
D1482,Smartphone,5G,310260,310-260-4950,13,0.23,2031
D1483,Smartphone,4G,24004,240-04-9479,49,1.36,1798
D1484,Smartphone,5G,20601,206-01-8381,11,0.17,1468
D1485,Smartphone,5G,24001,240-01-5554,11,0.15,1245
D1486,IoT Device,3G,23430,234-30-1502,117,1.79,184
D1487,Tablet,3G,23420,234-20-8048,101,2.09,764
D1488,Tablet,4G,20620,206-20-1715,66,1.05,1261
D1489,Smartphone,3G,24008,240-08-3851,93,1.01,656
D1490,Smartphone,3G,310410,310-410-2128,80,2.33,94
D1491,Smartphone,4G,24001,240-01-7224,54,0.97,1684
D1492,Smartphone,5G,24007,240-07-2771,17,0.25,397
D1493,Tablet,3G,310260,310-260-5843,144,0.93,455
D1494,Tablet,4G,310260,310-260-3730,59,0.99,2456
D1495,Smartphone,4G,24024,240-24-4978,59,0.46,1569
D1496,Smartphone,4G,23420,234-20-2323,30,1.36,2916
D1497,Smartphone,4G,310480,310-480-8609,59,1.36,2714
D1498,Smartphone,4G,24004,240-04-6107,64,0.32,2308
D1499,Smartphone,5G,20601,206-01-4937,24,0.47,2890
D1500,IoT Device,5G,24001,240-01-1409,28,0.16,2525
D1501,Smartphone,3G,310410,310-410-2929,124,2.57,1769
D1502,Tablet,4G,20610,206-10-5722,59,1.28,1404
D1503,Smartphone,4G,24004,240-04-6107,42,1.5,956
D1504,Tablet,4G,20610,206-10-7561,60,0.25,908
D1505,IoT Device,4G,24005,240-05-2312,54,0.9,1141
D1506,Tablet,4G,24016,240-16-7991,66,0.51,953
D1507,Smartphone,4G,310410,310-410-2438,48,0.13,495
D1508,IoT Device,3G,23430,234-30-6129,120,1.32,2688
D1509,Smartphone,4G,310120,310-120-8740,66,1.31,958
D1510,Tablet,4G,20620,206-20-5712,33,1.37,1612
D1511,Smartphone,5G,20601,206-01-6169,25,0.42,1000
D1512,IoT Device,4G,24002,240-02-2133,48,1.19,2859
D1513,Tablet,3G,20605,206-05-5871,99,2.32,874
D1514,Tablet,4G,20620,206-20-8237,52,0.41,567
D1515,Tablet,4G,24005,240-05-5325,42,0.97,2471
D1516,IoT Device,3G,23433,234-33-6626,87,2.38,2156
D1517,IoT Device,5G,23410,234-10-7464,30,0.33,4
D1518,Smartphone,3G,310120,310-120-3414,109,2.87,2937
D1519,Smartphone,3G,20610,206-10-7807,74,2.24,1278
D1520,Smartphone,4G,24008,240-08-7291,38,0.23,2813
D1521,IoT Device,3G,23420,234-20-3430,107,1.48,1135
D1522,Smartphone,3G,310120,310-120-5037,123,1.03,18
D1523,Smartphone,5G,20620,206-20-2293,14,0.4,1653
D1524,Smartphone,5G,20601,206-01-4986,21,0.27,1628
D1525,Smartphone,4G,23438,234-38-6072,47,1.26,787
D1526,Smartphone,5G,20610,206-10-9117,18,0.46,2875
D1527,IoT Device,5G,24005,240-05-2188,25,0.48,1493
D1528,Smartphone,5G,24004,240-04-7537,19,0.38,1308
D1529,Smartphone,5G,310480,310-480-5382,20,0.4,1270
D1530,Smartphone,5G,24008,240-08-7691,24,0.48,2650
D1531,IoT Device,4G,23433,234-33-5500,39,1.16,2094
D1532,IoT Device,3G,310410,310-410-8179,98,3.08,1314
D1533,Tablet,3G,23438,234-38-6962,120,3.4,1038
D1534,Tablet,3G,23430,234-30-2140,141,1.6,696
D1535,IoT Device,5G,310410,310-410-5757,22,0.02,928
D1536,Smartphone,3G,310480,310-480-8632,138,0.87,1260
D1537,IoT Device,5G,310260,310-260-1266,21,0.34,2297
D1538,Smartphone,3G,20610,206-10-8736,103,2.25,2033
D1539,Smartphone,4G,20601,206-01-9004,70,1.42,2390
D1540,Smartphone,4G,23420,234-20-6120,36,1.04,415
D1541,Tablet,4G,23410,234-10-5837,60,0.14,1395
D1542,Smartphone,5G,310260,310-260-2033,27,0.17,2519
D1543,IoT Device,5G,24001,240-01-7912,29,0.12,2079
D1544,Smartphone,5G,20605,206-05-2330,12,0.32,2409
D1545,Tablet,5G,20605,206-05-7744,24,0.46,970
D1546,Tablet,5G,20601,206-01-9698,19,0.33,537
D1547,Tablet,3G,23410,234-10-8606,84,0.92,599
D1548,Smartphone,5G,24016,240-16-9270,11,0.16,1154
D1549,Tablet,5G,20620,206-20-3068,25,0.07,1619
D1550,Tablet,4G,23410,234-10-9791,45,1.34,2128
D1551,Smartphone,3G,310480,310-480-5105,87,1.67,2703
D1552,Smartphone,4G,24024,240-24-9548,53,1.04,337
D1553,Smartphone,5G,24024,240-24-1853,27,0.22,419
D1554,Smartphone,4G,310480,310-480-9437,39,1.34,173
D1555,Smartphone,4G,24004,240-04-8177,36,1.27,1691
D1556,Tablet,5G,20610,206-10-9167,29,0.21,583
D1557,Smartphone,3G,310480,310-480-9476,105,0.6,1530
D1558,Smartphone,5G,310260,310-260-7029,21,0.12,2460
D1559,Smartphone,3G,24008,240-08-5082,126,3.35,1781
D1560,IoT Device,5G,23415,234-15-6931,21,0.06,423
D1561,IoT Device,4G,310480,310-480-5336,53,0.86,2245
D1562,Tablet,5G,20620,206-20-3361,30,0.19,2955
D1563,Smartphone,5G,24024,240-24-8921,22,0.15,1396
D1564,Smartphone,5G,24024,240-24-6325,13,0.48,1838
D1565,Tablet,4G,24008,240-08-9308,59,0.23,1763
D1566,Smartphone,4G,310410,310-410-1570,43,1.0,2218
D1567,Smartphone,5G,24001,240-01-4814,29,0.49,159
D1568,Smartphone,5G,20620,206-20-7325,11,0.4,796
D1569,Smartphone,4G,310410,310-410-2077,45,1.48,1445
D1570,IoT Device,3G,23433,234-33-9312,142,1.12,191
D1571,Tablet,5G,20601,206-01-9004,27,0.11,2558
D1572,Smartphone,5G,20620,206-20-7751,16,0.41,2985
D1573,Smartphone,3G,23438,234-38-9239,99,1.49,950
D1574,Smartphone,4G,24007,240-07-9785,39,1.2,1231
D1575,Smartphone,4G,24024,240-24-5558,68,0.1,1046
D1576,Smartphone,4G,20605,206-05-5632,39,1.48,1657
D1577,IoT Device,3G,23433,234-33-6456,139,1.25,1292
D1578,IoT Device,4G,20605,206-05-8078,41,0.25,2971
D1579,Smartphone,4G,24008,240-08-8144,31,0.28,416
D1580,Tablet,5G,24001,240-01-1409,21,0.4,1368
D1581,Tablet,4G,23430,234-30-2140,45,0.92,802
D1582,Smartphone,3G,20620,206-20-6544,72,1.02,93
D1583,Smartphone,4G,23438,234-38-5634,33,0.28,1647
D1584,Smartphone,3G,20601,206-01-4937,123,2.08,2323
D1585,Smartphone,5G,310410,310-410-3621,12,0.24,270
D1586,Smartphone,5G,24016,240-16-7768,21,0.26,54
D1587,Smartphone,4G,24016,240-16-7371,36,0.73,676
D1588,Smartphone,4G,24008,240-08-8975,44,1.42,68
D1589,Tablet,3G,23410,234-10-8222,75,2.68,1059
D1590,Smartphone,4G,24005,240-05-5915,63,0.52,2394
D1591,Smartphone,4G,20601,206-01-2680,31,0.19,206
D1592,Smartphone,4G,24002,240-02-4456,60,1.29,1023
D1593,Smartphone,5G,24007,240-07-1685,23,0.35,2244
D1594,Smartphone,4G,310410,310-410-3621,61,1.1,918
D1595,Smartphone,4G,20605,206-05-7690,58,0.2,2295
D1596,Smartphone,5G,20605,206-05-2880,12,0.17,324
D1597,Smartphone,3G,23430,234-30-7475,88,0.7,1697
D1598,IoT Device,4G,310120,310-120-4963,47,0.97,128
D1599,IoT Device,5G,24001,240-01-1106,28,0.28,529
D1600,Smartphone,3G,20610,206-10-8736,111,1.64,1079
D1601,Tablet,5G,24007,240-07-8149,29,0.27,1486
D1602,Smartphone,5G,24016,240-16-2375,24,0.26,2733
D1603,Smartphone,5G,24001,240-01-2824,23,0.06,2038
D1604,Smartphone,3G,23433,234-33-8155,84,3.06,1471
D1605,Smartphone,4G,23420,234-20-2768,65,1.11,596
D1606,IoT Device,4G,310480,310-480-6573,43,0.7,2522
D1607,Smartphone,4G,20610,206-10-8905,44,0.68,2477
D1608,Tablet,3G,20610,206-10-7561,128,1.7,2486
D1609,Tablet,4G,310120,310-120-9618,36,0.54,940
D1610,Smartphone,4G,24001,240-01-1750,50,1.03,1286
D1611,Tablet,4G,20605,206-05-5460,53,1.44,2992
D1612,Tablet,5G,24016,240-16-7991,25,0.04,325
D1613,Smartphone,3G,20620,206-20-4826,80,0.78,1810
D1614,Tablet,3G,23433,234-33-8172,82,2.73,865
D1615,Smartphone,4G,24016,240-16-6529,53,1.24,2374
D1616,Smartphone,4G,20601,206-01-9004,65,0.18,1715
D1617,Smartphone,5G,24005,240-05-7930,27,0.29,373
D1618,IoT Device,3G,20620,206-20-4826,85,1.73,2336
D1619,Smartphone,4G,24005,240-05-1936,57,1.32,1098
D1620,IoT Device,4G,310260,310-260-8498,33,1.46,1018
D1621,Smartphone,5G,24005,240-05-9565,29,0.16,821
D1622,Smartphone,4G,20610,206-10-9824,36,0.91,1775
D1623,IoT Device,3G,310480,310-480-6644,97,0.96,1609
D1624,Smartphone,4G,20601,206-01-6023,60,0.41,2389
D1625,Smartphone,4G,23433,234-33-6179,36,0.59,411
D1626,Smartphone,3G,24008,240-08-2389,141,1.6,653
D1627,Smartphone,5G,24002,240-02-4483,18,0.29,372
D1628,Smartphone,4G,23433,234-33-8565,57,1.28,1381
D1629,IoT Device,5G,24004,240-04-3167,29,0.31,2462
D1630,Smartphone,4G,310260,310-260-8840,65,0.14,921
D1631,Smartphone,3G,23410,234-10-7484,104,0.59,2860
D1632,Smartphone,4G,20605,206-05-5871,47,1.08,1654
D1633,Tablet,4G,24016,240-16-4841,49,1.39,1130
D1634,IoT Device,5G,23420,234-20-2697,21,0.01,2829
D1635,Tablet,5G,24001,240-01-2824,14,0.29,1300
D1636,IoT Device,4G,23410,234-10-2911,55,0.2,1379
D1637,Smartphone,4G,310260,310-260-5476,70,1.46,556
D1638,Smartphone,3G,24005,240-05-3536,81,2.74,1777
D1639,Smartphone,4G,23438,234-38-3463,43,0.63,1226
D1640,IoT Device,5G,310410,310-410-1510,24,0.18,1156
D1641,IoT Device,5G,310480,310-480-3102,21,0.16,2987
D1642,Smartphone,5G,24008,240-08-6279,20,0.39,1422
D1643,Smartphone,4G,23438,234-38-6482,66,0.93,1937
D1644,Tablet,4G,20610,206-10-6296,33,0.32,154
D1645,Smartphone,4G,310260,310-260-6850,69,0.17,2824
D1646,Tablet,4G,24008,240-08-3041,35,0.48,2612
D1647,Tablet,4G,310410,310-410-7044,57,0.78,1820
D1648,Smartphone,4G,24001,240-01-6977,58,0.68,272
D1649,Tablet,4G,20610,206-10-3594,43,1.16,2858
D1650,Smartphone,5G,20610,206-10-3522,13,0.18,160
D1651,Tablet,4G,310410,310-410-3339,37,0.5,1328
D1652,Smartphone,5G,24024,240-24-5022,28,0.25,2247
D1653,Smartphone,3G,23438,234-38-7347,109,0.64,2127
D1654,Smartphone,4G,20620,206-20-2646,55,1.48,2407
D1655,Tablet,4G,20601,206-01-3939,33,0.11,1279
D1656,Tablet,3G,23415,234-15-7078,108,3.34,2397
D1657,Smartphone,5G,23438,234-38-3222,14,0.38,50
D1658,IoT Device,3G,20605,206-05-8253,107,1.48,2173
D1659,Smartphone,3G,23420,234-20-2398,70,1.99,1543
D1660,Smartphone,5G,23438,234-38-6731,23,0.1,1694
D1661,Tablet,4G,24016,240-16-9270,54,0.85,2306
D1662,IoT Device,4G,20605,206-05-2496,44,0.8,1218
D1663,IoT Device,5G,310260,310-260-2680,21,0.05,2183
D1664,Smartphone,4G,23433,234-33-2288,32,0.71,1062
D1665,IoT Device,4G,20601,206-01-1893,59,1.39,330
D1666,Smartphone,3G,23420,234-20-8430,110,2.23,1454
D1667,IoT Device,4G,310120,310-120-3449,66,0.67,1554
D1668,Tablet,3G,23438,234-38-6962,123,1.37,2638
D1669,IoT Device,3G,23420,234-20-9282,121,0.56,2710
D1670,Smartphone,5G,20605,206-05-9847,20,0.09,2350
D1671,IoT Device,4G,310260,310-260-9151,69,0.74,585
D1672,Smartphone,4G,20620,206-20-3385,53,0.22,2498
D1673,Tablet,4G,24008,240-08-1727,36,0.44,1026
D1674,IoT Device,5G,310120,310-120-4862,28,0.21,1482
D1675,Smartphone,3G,23410,234-10-5837,80,1.69,2982
D1676,Smartphone,5G,24008,240-08-8144,19,0.38,2726
D1677,Tablet,3G,310410,310-410-3053,98,1.5,2581
D1678,IoT Device,4G,23438,234-38-6962,40,0.21,453
D1679,Smartphone,3G,23438,234-38-7108,84,2.09,403
D1680,Smartphone,3G,20610,206-10-8905,94,3.22,1344
D1681,Tablet,3G,23415,234-15-4475,114,1.55,1045
D1682,Smartphone,4G,20620,206-20-2612,39,0.43,214
D1683,Tablet,5G,24024,240-24-5133,14,0.14,2274
D1684,Smartphone,4G,24005,240-05-8973,41,0.94,257
D1685,Smartphone,5G,24005,240-05-7868,30,0.05,1066
D1686,IoT Device,4G,310120,310-120-2623,70,0.79,1879
D1687,Tablet,5G,20601,206-01-8342,28,0.38,1945
D1688,Smartphone,5G,24005,240-05-4111,24,0.34,523
D1689,Tablet,5G,20610,206-10-3522,28,0.33,1858
D1690,IoT Device,3G,23433,234-33-4232,149,1.47,2862
D1691,IoT Device,4G,310260,310-260-9945,70,0.54,1415
D1692,IoT Device,5G,24004,240-04-2235,24,0.04,2373
D1693,IoT Device,3G,23438,234-38-2079,126,2.39,1321
D1694,Tablet,3G,23438,234-38-3253,105,2.27,201
D1695,Smartphone,4G,310120,310-120-5469,52,0.81,175
D1696,Smartphone,5G,24001,240-01-9785,19,0.24,1891
D1697,IoT Device,5G,310260,310-260-4950,11,0.04,1665
D1698,IoT Device,5G,23430,234-30-9149,19,0.05,2817
D1699,IoT Device,5G,310480,310-480-7293,12,0.31,2845
D1700,Smartphone,5G,24024,240-24-2669,26,0.2,731
D1701,IoT Device,3G,23410,234-10-6549,144,2.16,102
D1702,Tablet,4G,20601,206-01-9042,32,0.73,785
D1703,IoT Device,4G,23433,234-33-6083,66,1.01,117
D1704,IoT Device,5G,20620,206-20-4846,20,0.31,2305
D1705,IoT Device,4G,23420,234-20-2323,62,0.31,2028
D1706,Smartphone,4G,20610,206-10-5719,33,0.73,1173
D1707,Smartphone,5G,24008,240-08-1027,20,0.49,1029
D1708,Tablet,4G,24016,240-16-9270,35,0.81,2181
D1709,Smartphone,4G,310480,310-480-3981,41,0.15,2716
D1710,IoT Device,4G,310410,310-410-9047,58,1.49,1358
D1711,Smartphone,5G,24024,240-24-2341,26,0.27,1693
D1712,Smartphone,5G,20620,206-20-4826,15,0.19,907
D1713,Smartphone,3G,23410,234-10-3165,106,1.66,1267
D1714,IoT Device,4G,310120,310-120-6431,51,1.05,49
D1715,Smartphone,3G,310260,310-260-6372,76,2.87,2643
D1716,Tablet,5G,24008,240-08-5173,30,0.17,2265
D1717,Smartphone,5G,20620,206-20-9617,20,0.06,1676
D1718,Smartphone,4G,310480,310-480-3102,54,0.5,857
D1719,IoT Device,3G,310260,310-260-6850,147,3.12,1406
D1720,Smartphone,3G,20605,206-05-5871,112,0.74,2082
D1721,IoT Device,5G,24004,240-04-9786,14,0.46,1089
D1722,Smartphone,5G,20610,206-10-3434,19,0.48,1802
D1723,Smartphone,5G,310260,310-260-8756,22,0.07,620
D1724,IoT Device,4G,20605,206-05-8025,35,0.53,1744
D1725,IoT Device,3G,23430,234-30-2140,118,2.43,2449
D1726,Tablet,5G,20610,206-10-5135,20,0.41,1101
D1727,Tablet,3G,23433,234-33-4176,137,0.78,687
D1728,Tablet,4G,310480,310-480-9740,57,0.81,438
D1729,Tablet,4G,23433,234-33-8138,31,0.61,2946
D1730,IoT Device,3G,23430,234-30-4612,93,3.35,2806
D1731,Tablet,3G,23433,234-33-9214,113,3.34,1982
D1732,Tablet,4G,24001,240-01-6185,61,0.37,32
D1733,Tablet,4G,23420,234-20-6277,38,0.32,878
D1734,Smartphone,5G,20605,206-05-4241,19,0.42,2193
D1735,Tablet,3G,23433,234-33-9363,82,2.02,1667
D1736,Smartphone,3G,20610,206-10-6654,139,3.01,1803
D1737,Tablet,5G,20620,206-20-1251,26,0.03,2725
D1738,Tablet,4G,310480,310-480-3804,51,1.33,1859
D1739,Smartphone,5G,24002,240-02-6155,29,0.07,2846
D1740,IoT Device,5G,310410,310-410-8657,22,0.09,2886
D1741,Smartphone,3G,24005,240-05-5351,93,2.99,348
D1742,Smartphone,5G,24008,240-08-9518,29,0.41,2165
D1743,Smartphone,5G,24002,240-02-2796,15,0.36,1832
D1744,Smartphone,5G,24005,240-05-2188,11,0.21,224
D1745,Smartphone,3G,23420,234-20-2768,100,3.41,701
D1746,Smartphone,3G,23438,234-38-2335,148,1.35,772
D1747,Smartphone,5G,24007,240-07-1634,24,0.12,1898
D1748,Tablet,5G,20601,206-01-9004,17,0.16,2468
D1749,Tablet,5G,310410,310-410-2063,25,0.45,2026
D1750,IoT Device,3G,23430,234-30-7785,94,1.6,2755
D1751,Tablet,4G,24024,240-24-6601,66,1.48,91
D1752,Smartphone,4G,24024,240-24-7882,59,1.18,2325
D1753,Smartphone,5G,310410,310-410-3621,22,0.26,1001
D1754,Smartphone,5G,24016,240-16-7991,23,0.48,2914
D1755,Tablet,4G,310120,310-120-8361,42,1.22,2696
D1756,Smartphone,5G,24004,240-04-9834,14,0.44,108
D1757,Smartphone,5G,20605,206-05-8253,11,0.32,2146
D1758,IoT Device,3G,310410,310-410-5288,117,2.16,2764
D1759,Smartphone,4G,23415,234-15-4629,36,1.1,1878
D1760,Smartphone,4G,23430,234-30-2140,63,1.29,633
D1761,Smartphone,4G,20601,206-01-7046,48,0.22,1484
D1762,IoT Device,5G,24004,240-04-5345,15,0.14,1248
D1763,Smartphone,5G,23415,234-15-2801,26,0.08,1475
D1764,Smartphone,5G,20605,206-05-2880,23,0.05,1191
D1765,Smartphone,3G,23438,234-38-6962,98,2.95,2175
D1766,IoT Device,3G,23410,234-10-1228,114,3.29,592
D1767,Smartphone,4G,310410,310-410-7095,56,0.17,648
D1768,Smartphone,4G,20601,206-01-8690,62,0.62,2924
D1769,IoT Device,4G,310120,310-120-6493,54,1.49,2491
D1770,IoT Device,4G,310260,310-260-6649,53,0.41,297
D1771,Tablet,4G,23433,234-33-8155,50,1.4,1776
D1772,Smartphone,4G,20610,206-10-8941,51,1.21,521
D1773,Tablet,4G,310120,310-120-1025,38,0.15,148
D1774,Smartphone,4G,20601,206-01-8342,60,1.07,2957
D1775,Tablet,5G,24007,240-07-9379,14,0.38,2776
D1776,Smartphone,3G,24002,240-02-2876,130,1.85,1242
D1777,IoT Device,4G,310480,310-480-8632,30,1.37,2369
D1778,Smartphone,5G,310260,310-260-6850,10,0.14,388
D1779,Tablet,4G,310260,310-260-8272,39,0.87,943
D1780,IoT Device,4G,23415,234-15-4538,68,0.84,452
D1781,IoT Device,5G,23433,234-33-4986,13,0.39,2542
D1782,Smartphone,4G,310260,310-260-2106,45,0.52,2803
D1783,Tablet,4G,310480,310-480-3308,33,0.43,2502
D1784,Tablet,3G,20601,206-01-9004,149,1.87,536
D1785,Tablet,4G,310120,310-120-5469,37,1.27,945
D1786,Tablet,5G,24004,240-04-4006,25,0.3,1229
D1787,Smartphone,4G,23438,234-38-4291,31,0.98,64
D1788,Tablet,4G,24004,240-04-2163,66,0.44,1773
D1789,Smartphone,3G,20610,206-10-3434,88,1.37,136
D1790,Tablet,3G,23430,234-30-2140,70,2.34,1637
D1791,Tablet,5G,20605,206-05-8253,17,0.29,454
D1792,Smartphone,4G,20601,206-01-4727,41,1.03,496
D1793,Smartphone,4G,310410,310-410-7340,35,0.83,1178
D1794,Smartphone,4G,24002,240-02-7482,53,0.19,2408
D1795,Smartphone,4G,20601,206-01-9004,63,0.86,2384
D1796,Tablet,3G,23433,234-33-8138,134,2.16,1362
D1797,Smartphone,5G,310480,310-480-9476,22,0.44,2342
D1798,Smartphone,5G,24024,240-24-2129,11,0.32,1887
D1799,Tablet,5G,20610,206-10-9117,21,0.13,1467
D1800,IoT Device,3G,23415,234-15-7078,72,1.57,1496
D1801,Tablet,5G,24005,240-05-4111,12,0.18,1538
D1802,Tablet,3G,24024,240-24-7211,150,0.81,2571
D1803,Tablet,5G,20610,206-10-9117,28,0.37,2310
D1804,Tablet,3G,23430,234-30-8242,112,0.9,1834
D1805,IoT Device,5G,20620,206-20-8110,21,0.28,788
D1806,Smartphone,5G,310260,310-260-6850,30,0.1,2034
D1807,IoT Device,5G,20605,206-05-9090,24,0.49,1680
D1808,IoT Device,5G,24004,240-04-8177,25,0.32,2133
D1809,IoT Device,3G,310410,310-410-3621,87,0.69,1329
D1810,Tablet,5G,24002,240-02-5119,24,0.03,1310
D1811,Tablet,4G,310120,310-120-5469,42,0.16,2624
D1812,Smartphone,3G,20605,206-05-1104,95,3.16,36
D1813,Tablet,5G,23415,234-15-3063,20,0.47,709
D1814,Smartphone,4G,20620,206-20-1715,62,0.66,2541
D1815,Smartphone,4G,23420,234-20-5712,64,0.76,1921
D1816,Smartphone,4G,20610,206-10-8905,32,1.15,2458
D1817,Smartphone,5G,20605,206-05-9502,16,0.15,2864
D1818,Smartphone,4G,310120,310-120-8361,33,1.31,2964
D1819,IoT Device,4G,310410,310-410-9612,51,0.48,1518
D1820,IoT Device,5G,24004,240-04-4502,21,0.22,2316
D1821,Smartphone,5G,20620,206-20-8692,22,0.37,2478
D1822,Smartphone,3G,310260,310-260-8612,119,1.52,719
D1823,Smartphone,3G,310410,310-410-5264,93,1.99,759
D1824,Tablet,5G,20605,206-05-5334,25,0.19,2129
D1825,IoT Device,4G,23420,234-20-6793,63,0.47,1730
D1826,Tablet,5G,23430,234-30-7636,12,0.37,1504
D1827,Smartphone,5G,310260,310-260-7018,12,0.22,2451
D1828,Smartphone,3G,23420,234-20-7132,93,2.14,200
D1829,Smartphone,5G,20610,206-10-1845,20,0.06,1547
D1830,Smartphone,5G,20605,206-05-3573,20,0.33,296
D1831,Smartphone,4G,24005,240-05-5861,49,0.72,979
D1832,IoT Device,4G,23438,234-38-4918,57,0.33,1540
D1833,Smartphone,5G,20620,206-20-3529,24,0.18,2905
D1834,Smartphone,5G,24008,240-08-1027,11,0.37,2238
D1835,Tablet,3G,23433,234-33-3842,115,2.34,627
D1836,Smartphone,5G,20601,206-01-5820,23,0.14,360
D1837,Smartphone,4G,310480,310-480-1464,33,0.21,2677
D1838,Smartphone,5G,24002,240-02-1188,30,0.21,2998
D1839,Smartphone,3G,23410,234-10-5986,135,2.9,2847
D1840,Smartphone,3G,23438,234-38-6401,90,3.36,690
D1841,IoT Device,4G,310120,310-120-8032,39,1.29,814
D1842,Smartphone,3G,20610,206-10-3434,126,0.6,1690
D1843,IoT Device,5G,24008,240-08-3414,12,0.13,341
D1844,Tablet,5G,24007,240-07-5533,30,0.19,893
D1845,Smartphone,4G,20605,206-05-1977,54,1.43,1541
D1846,Smartphone,5G,24005,240-05-6138,11,0.31,2047
D1847,IoT Device,3G,23415,234-15-7523,127,3.35,1976
D1848,IoT Device,3G,310480,310-480-3981,117,1.83,1784
D1849,Tablet,5G,310480,310-480-5336,12,0.29,112
D1850,Smartphone,5G,24024,240-24-5558,26,0.19,1789
D1851,Smartphone,5G,310480,310-480-8632,20,0.33,1348
D1852,Smartphone,3G,20610,206-10-5722,101,3.38,2494
D1853,Tablet,4G,23433,234-33-2734,31,1.13,1400
D1854,Smartphone,4G,24005,240-05-6183,61,0.82,2279
D1855,Smartphone,4G,310260,310-260-9406,65,0.26,1056
D1856,Smartphone,4G,24016,240-16-9270,46,1.09,2168
D1857,IoT Device,3G,20620,206-20-3588,97,3.49,2766
D1858,IoT Device,5G,20605,206-05-8253,19,0.35,1257
D1859,Tablet,5G,20620,206-20-1153,25,0.11,827
D1860,Tablet,4G,24005,240-05-5333,38,1.29,1228
D1861,IoT Device,5G,20601,206-01-8381,24,0.09,2209
D1862,Tablet,4G,24007,240-07-6974,58,1.5,1548
D1863,Smartphone,4G,310260,310-260-6021,50,1.03,2410
D1864,Tablet,5G,24007,240-07-2137,12,0.28,157
D1865,Tablet,3G,20601,206-01-7565,107,3.17,1460
D1866,Smartphone,3G,23410,234-10-6992,90,2.64,2978
D1867,Tablet,4G,310260,310-260-6850,70,0.34,389
D1868,Smartphone,3G,23420,234-20-8030,116,2.03,2022
D1869,Smartphone,5G,20601,206-01-9004,13,0.49,2029
D1870,IoT Device,5G,20605,206-05-5422,14,0.13,85
D1871,IoT Device,3G,23433,234-33-4986,133,0.58,1269
D1872,IoT Device,5G,310410,310-410-4515,27,0.29,1171
D1873,Smartphone,4G,20610,206-10-1042,59,1.23,378
D1874,Smartphone,5G,24024,240-24-2729,27,0.07,554
D1875,Smartphone,4G,20610,206-10-9889,35,0.19,391
D1876,IoT Device,3G,20610,206-10-6153,120,3.5,2223
D1877,Smartphone,3G,20610,206-10-9903,131,2.08,2514
D1878,Tablet,5G,23420,234-20-4705,23,0.41,2235
D1879,Smartphone,5G,310120,310-120-4637,12,0.07,2164
D1880,IoT Device,4G,23430,234-30-2140,50,1.0,640
D1881,Smartphone,5G,24004,240-04-1993,24,0.24,1741
D1882,Smartphone,5G,24024,240-24-6511,26,0.18,289
D1883,Smartphone,4G,20601,206-01-4937,65,1.0,1425
D1884,IoT Device,4G,20620,206-20-8622,41,1.17,967
D1885,IoT Device,4G,310260,310-260-5664,38,0.71,90
D1886,IoT Device,4G,310410,310-410-3852,33,1.26,937
D1887,IoT Device,5G,20620,206-20-5708,26,0.08,2205
D1888,Tablet,4G,20605,206-05-8253,40,0.33,1550
D1889,IoT Device,3G,23433,234-33-5500,98,1.54,541
D1890,Smartphone,3G,20601,206-01-5853,136,3.18,251
D1891,IoT Device,3G,20601,206-01-2524,80,1.25,761
D1892,Smartphone,4G,24024,240-24-4908,70,1.44,2949
D1893,Smartphone,4G,20620,206-20-1715,47,0.28,2854
D1894,Smartphone,4G,24004,240-04-7669,49,0.96,978
D1895,Smartphone,3G,310480,310-480-8632,81,2.01,2487
D1896,Tablet,4G,23433,234-33-4986,40,0.93,909
D1897,IoT Device,5G,20601,206-01-2070,28,0.09,2620
D1898,Smartphone,4G,23430,234-30-2140,69,1.11,2741
D1899,Tablet,5G,20601,206-01-5853,29,0.18,370
D1900,IoT Device,3G,23433,234-33-8155,142,0.62,2104
D1901,Smartphone,4G,310120,310-120-8361,31,0.21,2602
D1902,IoT Device,4G,23438,234-38-1752,66,0.47,29
D1903,IoT Device,5G,23433,234-33-2734,16,0.39,604
D1904,IoT Device,4G,24005,240-05-7930,56,0.97,2442
D1905,IoT Device,4G,310410,310-410-1424,31,0.8,2215
D1906,Tablet,4G,24002,240-02-3621,70,0.86,1871
D1907,IoT Device,3G,20605,206-05-2713,108,1.95,2889
D1908,Tablet,5G,24004,240-04-4502,22,0.16,846
D1909,Smartphone,4G,24024,240-24-7211,34,1.06,1249
D1910,Smartphone,4G,310480,310-480-3050,40,0.72,234
D1911,IoT Device,5G,24002,240-02-7482,25,0.24,2284
D1912,IoT Device,4G,23433,234-33-8682,51,0.95,774
D1913,Tablet,3G,23410,234-10-3153,110,3.08,807
D1914,IoT Device,3G,23410,234-10-5847,110,2.7,1132
D1915,IoT Device,5G,310480,310-480-9476,21,0.49,1675
D1916,Tablet,4G,310260,310-260-1266,38,1.16,2437
D1917,Smartphone,5G,24024,240-24-6511,26,0.29,2356
D1918,Smartphone,4G,24016,240-16-9270,50,0.44,176
D1919,Smartphone,4G,310120,310-120-6780,37,0.47,1169
D1920,Smartphone,4G,20601,206-01-4727,45,0.3,1940
D1921,Smartphone,4G,310480,310-480-3589,33,0.51,1084
D1922,Smartphone,5G,20610,206-10-5503,22,0.43,26
D1923,Smartphone,4G,24024,240-24-2983,56,0.45,221
D1924,IoT Device,3G,310260,310-260-1266,90,2.94,2467
D1925,Smartphone,3G,310260,310-260-4950,143,2.66,549
D1926,Smartphone,4G,310480,310-480-8632,42,1.17,2748
D1927,IoT Device,3G,310260,310-260-9129,133,3.49,1210
D1928,IoT Device,5G,310410,310-410-1510,24,0.25,456
D1929,Smartphone,3G,23410,234-10-5106,109,1.99,1593
D1930,Smartphone,3G,23430,234-30-2140,81,3.34,110
D1931,Smartphone,4G,24007,240-07-7267,62,0.74,1594
D1932,Smartphone,5G,24007,240-07-7939,17,0.12,519
D1933,Smartphone,4G,310260,310-260-2229,52,0.17,240
D1934,IoT Device,4G,310480,310-480-3526,48,0.79,1120
D1935,Tablet,4G,20601,206-01-5118,60,0.5,707
D1936,Smartphone,5G,24008,240-08-9445,10,0.43,1380
D1937,Smartphone,5G,310410,310-410-3068,23,0.08,711
D1938,IoT Device,4G,24007,240-07-4114,46,1.12,422
D1939,Smartphone,4G,24005,240-05-4335,55,0.61,1567
D1940,Smartphone,4G,20605,206-05-8025,55,0.17,1919
D1941,Smartphone,3G,310260,310-260-4950,141,1.08,1648
D1942,IoT Device,4G,24001,240-01-4657,65,0.5,2919
D1943,Smartphone,4G,20610,206-10-5722,54,0.81,393
D1944,Smartphone,4G,310410,310-410-7044,65,0.49,1800
D1945,Tablet,3G,23433,234-33-8155,149,2.54,2731
D1946,IoT Device,4G,310480,310-480-9437,37,0.28,2470
D1947,Smartphone,5G,24001,240-01-6168,13,0.2,1440
D1948,Smartphone,4G,20601,206-01-8800,51,0.88,2264
D1949,IoT Device,3G,23415,234-15-9850,116,2.76,1387
D1950,Smartphone,5G,24016,240-16-3977,16,0.31,2062
D1951,Smartphone,4G,310120,310-120-5469,55,0.8,162
D1952,Smartphone,5G,20610,206-10-2527,11,0.03,2548
D1953,Tablet,4G,23433,234-33-2734,51,1.23,1571
D1954,Smartphone,4G,24024,240-24-8613,63,0.74,1989
D1955,Smartphone,5G,24005,240-05-8973,29,0.45,217
D1956,IoT Device,4G,310120,310-120-8740,38,0.56,306
D1957,Tablet,4G,310120,310-120-9591,69,0.55,99
D1958,Smartphone,3G,23438,234-38-7347,120,3.47,2210
D1959,Smartphone,3G,20601,206-01-8800,108,2.28,2881
D1960,Tablet,4G,20605,206-05-1977,62,1.26,2812
D1961,IoT Device,5G,23430,234-30-8242,27,0.25,1696
D1962,IoT Device,4G,23420,234-20-2768,66,0.52,2493
D1963,Smartphone,4G,23433,234-33-7560,31,0.62,2505
D1964,Tablet,4G,20605,206-05-5091,37,1.47,83
D1965,IoT Device,3G,23430,234-30-8532,144,1.42,621
D1966,Smartphone,3G,23415,234-15-3063,150,0.58,1808
D1967,Smartphone,4G,20620,206-20-8749,60,0.47,2180
D1968,IoT Device,5G,20605,206-05-5871,30,0.39,635
D1969,Tablet,5G,23420,234-20-2204,28,0.29,920
D1970,Smartphone,5G,310480,310-480-8430,11,0.3,2213
D1971,Smartphone,3G,23438,234-38-8684,91,2.07,1753
D1972,IoT Device,5G,24008,240-08-4228,29,0.39,2275
D1973,Smartphone,4G,310120,310-120-8685,54,0.31,2447
D1974,IoT Device,4G,23420,234-20-7815,45,0.14,977
D1975,Smartphone,4G,24007,240-07-6464,37,0.37,608
D1976,Smartphone,5G,310480,310-480-1496,24,0.16,1520
D1977,Smartphone,5G,24002,240-02-4483,14,0.21,2524
D1978,Smartphone,5G,20605,206-05-1659,16,0.21,2241
D1979,IoT Device,3G,24004,240-04-6107,148,3.26,2752
D1980,Tablet,4G,23438,234-38-6962,33,1.09,2249
D1981,Smartphone,3G,310120,310-120-3352,136,1.12,1307
D1982,IoT Device,3G,23410,234-10-6994,111,3.49,2990
D1983,IoT Device,3G,23410,234-10-5689,131,2.08,1573
D1984,Smartphone,4G,23430,234-30-2503,50,1.44,486
D1985,Smartphone,4G,20620,206-20-5161,59,1.38,1339
D1986,Smartphone,3G,23438,234-38-9843,113,2.14,2866
D1987,Tablet,5G,24001,240-01-9935,30,0.4,2103
D1988,Smartphone,4G,24008,240-08-8461,46,0.95,1811
D1989,Smartphone,5G,20620,206-20-7730,16,0.48,2622
D1990,Tablet,5G,310480,310-480-5745,18,0.28,1915
D1991,Smartphone,5G,20601,206-01-9004,17,0.47,2646
D1992,IoT Device,5G,310480,310-480-9238,19,0.39,1502
D1993,IoT Device,5G,310120,310-120-8349,16,0.35,645
D1994,IoT Device,4G,310260,310-260-3986,61,0.54,598
D1995,Smartphone,3G,310410,310-410-3621,114,2.18,2897
D1996,IoT Device,4G,310260,310-260-4302,47,0.5,2647
D1997,IoT Device,3G,23433,234-33-8354,143,2.53,188
D1998,IoT Device,4G,310480,310-480-8632,54,1.35,900
D1999,Smartphone,5G,20610,206-10-7622,22,0.41,1668
