Name,Age,City,Region,Country,Postal Code
Dr. Michael Johnson DVM,58,City of Westminster,England,United Kingdom,SW1
Amanda Bowers,25,Perth,Western Australia,Australia,6112
Elizabeth Collins,19,Kansas City,Missouri,United States,64121
Elizabeth Patrick,65,Miami,Florida,United States,33142
Eric Caldwell,35,Torreón,Coahuila,Mexico,27000
Ann Guzman,33,Chuo,Tokyo,Japan,289-2614
Sean Cross,32,Whitehall,Ohio,United States,43218
Chelsea Black,26,Geumsan-gun,Chungcheongnam-do,South Korea,327
Donald Jones,65,Chiyoda,Tokyo,Japan,100-8111
Raymond Tran,24,Paris,Île-de-France,France,75000
Linda Miller,61,The Bronx,New York,United States,10467
Anna Lam,65,Mexico City,Mexico City,Mexico,11930
Craig Nielsen,75,Fort Collins,Colorado,United States,80526
Rodney Walters,52,Minatomirai,Kanagawa,Japan,220-0011
Charles Ramos,23,Ōtemae,Ōsaka,Japan,540-0001
John Riley,55,Chicago,Illinois,United States,60666
Patricia Armstrong,45,Ayamonte,Andalusia,Spain,21400
Tammy Simpson,20,Juiz de Fora,Minas Gerais,Brazil,36000
Tamara Golden,19,Sierra Vista,Arizona,United States,85613
Lauren Sanders,23,Lamar,Colorado,United States,81052
Dean Hall,31,Whitehall,Ohio,United States,43218
Charles Ibarra,32,Green Bay,Wisconsin,United States,54311
Kathleen Anderson,50,Grenoble,Auvergne-Rhône-Alpes,France,38000
Benjamin Smith,56,Barcelona,Catalonia,Spain,8005
George Barton,19,Schiphol-Rijk,North Holland,The Netherlands,1119
Pamela Green,53,Yokohama,Kanagawa,Japan,231-0841
Thomas Reyes,30,Suyeong-gu,Busan,South Korea,482
John Moore,63,Sierra Vista,Arizona,United States,85613
Erin Brown,59,Anchorage,Alaska,United States,99501
Breanna Brown,62,Orlando,Florida,United States,32801
Jacob Johnson,52,Caldas,Minas Gerais,Brazil,37780
Karina Manning,44,Bremen,Bremen,Germany,28195
Tommy Murray,32,Boydton,Virginia,United States,23917
Andrea Lang DVM,46,Whitehall,Ohio,United States,43218
Valerie Case,55,Frankfurt am Main,Hesse,Germany,60313
Julie Palmer,35,Austin,Texas,United States,78741
Sandra Harris,69,Peterborough,Ontario,Canada,K9H
Lori Blevins,73,Louisville,Kentucky,United States,40219
Eric Edwards,18,Skellefteå,Västerbotten County,Sweden,931 55
Sue Hendricks,66,Atlanta,Georgia,United States,30302
Bradley Brooks,69,New York,New York,United States,10123
Lindsey Meyers,28,Vilnius,Vilnius,Lithuania,2007
Cynthia Foster,62,Princeton,New Jersey,United States,8540
Christine Brock,45,Whitehall,Ohio,United States,43218
Steven Hurst,39,Ashburn,Virginia,United States,20149
Karen Page,35,Tempe,Arizona,United States,85285
Michael Ellis,27,Auckland,Auckland,New Zealand,627
William Lee,31,Gangbuk-gu,Seoul,South Korea,10
Cheyenne Miller,79,Whitehall,Ohio,United States,43218
Amanda Jackson,66,Dallas,Texas,United States,75214
Dana Lang,39,Chisinau,Chișinău Municipality,Moldova,MD-2000
Gregory Adams,24,Mumbai,Maharashtra,India,400078
Michael Cooper,23,Silver Spring,Maryland,United States,20904
Cameron Harrell,42,Whitehall,Ohio,United States,43218
Audrey Clark,24,Whitehall,Ohio,United States,43218
Calvin Thompson,40,Richlands,North Carolina,United States,28574
Charles Montoya,72,Tampere,Pirkanmaa,Finland,33900
William Thomas,40,Dublin,Leinster,Ireland,D02
Brian Cooper,56,New York,New York,United States,10123
Ann Weber,34,Cincinnati,Ohio,United States,45201
Vincent Fowler,69,Huechuraba,Santiago Metropolitan,Chile,8580000
Amy Sandoval,20,Sierra Vista,Arizona,United States,85613
Jay Stafford MD,64,Victoria,British Columbia,Canada,V8T
Steven Steele,47,Richmond Hill,Ontario,Canada,L4C
Darren Rogers,52,Tucson,Arizona,United States,85706
Amy Daniel,25,Donetsk,Donetsk,Ukraine,7512
Mr. Mark Riley,80,Brewton,Alabama,United States,36426
James Wilson,77,São Paulo,São Paulo,Brazil,01000-000
Cindy Thomas,42,Whitehall,Ohio,United States,43218
Krystal Smith,23,Washington,District of Columbia,United States,20068
Thomas Green,53,Vienna,Vienna,Austria,1030
Patrick Petersen,36,Broadmeadows,Victoria,Australia,3047
Christopher Collins,71,Beijing,Beijing,China,100000
Jason Lynch,58,Bernardsville,New Jersey,United States,7920
Selena Cruz,57,Chennai,Tamil Nadu,India,600001
Erin Scott,74,Olympia,Washington,United States,98513
Charles Barajas,73,Konopiska,Silesia,Poland,42-274
Tanner Johnson,41,Gresse,Mecklenburg-Vorpommern,Germany,19258
Steven Joseph,54,Beijing,Beijing,China,100000
Benjamin Walker,30,Fairfax,Virginia,United States,22031
Joseph English,63,Calais,Hauts-de-France,France,62100
Emily Clark,22,Eschborn,Hesse,Germany,65760
Holly Torres,20,Takasago,Saitama,Japan,330-9301
Mary Walton,60,New York,New York,United States,10123
Carrie Martinez,32,São Paulo,São Paulo,Brazil,01000-000
Gloria Smith,67,Ostbevern,North Rhine-Westphalia,Germany,48346
April Rhodes,36,Moscow,Moscow,Russia,125310
Andrew Moran DDS,23,Seattle,Washington,United States,98168
Wesley Thomas,72,Frankfurt am Main,Hesse,Germany,60313
Michelle Park,32,Melbourne,Victoria,Australia,3058
Amy Cabrera,73,Chiyoda,Tokyo,Japan,100-8111
Matthew Farrell,24,Tokyo,Tokyo,Japan,151-0071
Robert Robbins,42,Whitehall,Ohio,United States,43218
Dylan Cunningham,35,Whitehall,Ohio,United States,43218
Frederick Johnson,47,La Crosse,Wisconsin,United States,54601
Tiffany Lewis,58,Helsinki,Uusimaa,Finland,240
Joe Blackburn,71,Stuttgart,Baden-Wurttemberg,Germany,70327
Lori Pearson,41,São Paulo,São Paulo,Brazil,1000
Kelly Montgomery,28,Charlotte,North Carolina,United States,28223
Michael Hill,41,Whitehall,Ohio,United States,43218
Jason Armstrong,40,Whitehall,Ohio,United States,43218
Jeff Hall,31,São Paulo,São Paulo,Brazil,01000-000
John Young,60,Frankfurt am Main,Hesse,Germany,60313
Ruth Vaughn,35,Hamburg,Free and Hanseatic City of Hamburg,Germany,20038
Angela Conrad,62,Des Moines,Iowa,United States,50309
Christine Gentry,77,Fuengirola,Andalusia,Spain,29640
Jon Sullivan,61,Seongnam-si,Gyeonggi-do,South Korea,13606
Victoria Meza,59,Dublin,Ohio,United States,43017
Lisa Richards DVM,22,Montgomery,Alabama,United States,36114
Amanda Davis,56,Hamburg,Free and Hanseatic City of Hamburg,Germany,22085
Mark Moore,58,Lemont,Illinois,United States,60439
Kelly Chambers,28,Wallington,New Jersey,United States,7057
Stephanie Marshall,52,New York,New York,United States,10123
Adam Johnson,64,Whitehall,Ohio,United States,43218
Eddie Thomas PhD,33,Minato-ku,Tokyo,Japan,104-0045
Stephanie Luna,28,Jōyō,Kyoto,Japan,610-0111
Tiffany Manning,47,Chiyoda,Tokyo,Japan,100-8111
Chris Tate,42,Chicago,Illinois,United States,60666
Arthur Moreno,35,Seattle,Washington,United States,98111
Laura Hayes,77,Jefferson City,Missouri,United States,65109
Jason Taylor,58,Portland,Oregon,United States,97207
William Hill,62,Mexico City,Mexico City,Mexico,1120
Anthony Pitts,53,Melbourne,Victoria,Australia,3001
Yolanda Hughes,32,Chattanooga,Tennessee,United States,37403
Kyle Fernandez,61,North Chungcheong,North Chungcheong,South Korea,28046
Kristin Gilmore,38,Kameido,Tokyo,Japan,136-0071
Mary Turner,71,Ribeirao do Ouro,Santa Catarina,Brazil,88370
Kevin Ware,67,Prague,Prague,Czechia,120 00
Jeffrey Hall,67,Budapest,Budapest,Hungary,1013
Michael Garcia,21,Portland,Oregon,United States,97207
Vincent Brown,32,Whitehall,Ohio,United States,43218
Ralph Bullock,70,Indianapolis,Indiana,United States,46285
Daniel Owens,20,Matsudo,Chiba,Japan,271-0091
Kristin Bentley,69,Montgomery,Alabama,United States,36114
Leslie Tyler,38,Seoul,Seoul,South Korea,4524
Gregory Vazquez,43,Albany,New York,United States,12209
Mrs. Lauren Young,35,New York,New York,United States,10123
Donna Cox,22,Corona,California,United States,92879
Allen Cunningham,31,Kyoto,Kyoto,Japan,602-8051
Erin Griffin,76,Dallas,Texas,United States,75247
Joanna Gillespie,78,Richardson,Texas,United States,75082
Kyle Choi,54,St. Marys,Ontario,Canada,N4X
Carl Ford,74,Sainte-Cecile-de-Masham,Quebec,Canada,J0X
Carolyn Williams,63,Whitehall,Ohio,United States,43218
Linda Osborne,38,Iztapalapa,Mexico City,Mexico,9830
Sabrina Wheeler,31,Whitehall,Ohio,United States,43218
Brett Casey,59,Brasília,Federal District,Brazil,70640
Hayden Jones,49,San Francisco,California,United States,94133
Gina Chapman,43,Whitehall,Ohio,United States,43218
Amanda Fields,74,Dagenham,England,United Kingdom,RM8
Ariel Barber,76,Tucson,Arizona,United States,85737
Jennifer Dorsey,59,Indaiatuba,São Paulo,Brazil,13330
Seth Gonzalez,47,Chiyoda,Tokyo,Japan,289-2605
Paige Thompson,27,Albany,New York,United States,12208
Brenda Johnson,34,Atlanta,Georgia,United States,30334
Tracey Rivera,26,Cupertino,California,United States,95014
Patrick Sherman,33,Cheyenne,Wyoming,United States,82001
Donna Cole,65,Codevigo,Veneto,Italy,35020
Jean Zavala,53,Rochester,Minnesota,United States,55901
Karen Webster,52,São Paulo,São Paulo,Brazil,1000
Jason Hunt,34,Seminole,Florida,United States,33776
Jacob Bernard,65,Yongin-si,Gyeonggi-do,South Korea,169
Evelyn Martin,55,Newark,New Jersey,United States,7175
Jessica Banks,45,Monroe,Louisiana,United States,71203
David Leblanc,75,Istanbul,Istanbul,Türkiye,34010
Ryan Johnson,55,Ankara,Ankara,Türkiye,6010
Cynthia Armstrong,43,Charlotte,North Carolina,United States,28273
Zachary Wang,41,Houston,Texas,United States,77006
Kenneth Daniels,32,Deto,Wakayama,Japan,648-0081
Christopher Powell,26,Elmhurst,Illinois,United States,60126
Joanna Sawyer,50,Tokyo,Tokyo,Japan,150-0002
Samuel Kane,49,Vantaa,Uusimaa,Finland,1200
Alexandra Fisher,23,Cyberjaya,Selangor,Malaysia,63100
Reginald Hess Jr.,66,Buenos Aires,Buenos Aires,Argentina,1772
Mr. Devin Dennis,21,Karlsruhe,Baden-Wurttemberg,Germany,76131
David Thompson,73,Westland,Michigan,United States,48185
Adam Garcia,25,Coldwater,Michigan,United States,49036
Christopher Simmons,27,Lawrence,Kansas,United States,66044
Janice House,58,Whitehall,Ohio,United States,43218
Jerry Kirby,28,Sochi,Krasnodar Krai,Russia,354054
Angela Watts,68,Toronto,Ontario,Canada,M4S
Michael Allen,61,Ratchathewi,Bangkok,Thailand,10400
Angela Kramer,45,Denver,Colorado,United States,80294
Brian Schwartz,56,Houston,Texas,United States,77002
Marissa Colon,22,Roppongi,Tokyo,Japan,106-0031
Rebecca Villanueva,42,Ōita,Oita,Japan,870-0831
Crystal Miller,42,Winnipeg,Manitoba,Canada,R2M
Alyssa Nelson,56,Whitehall,Ohio,United States,43218
Timothy Brown,47,Rio de Janeiro,Rio de Janeiro,Brazil,20000-000
Anita Hendrix,51,São Paulo,São Paulo,Brazil,01000-000
Jennifer Andrews,34,Montreal,Quebec,Canada,H4X
Eric Schmidt,80,Pretoria,Gauteng,South Africa,183
Julie Clark,53,Stuttgart,Baden-Wurttemberg,Germany,70327
John Smith,73,Landeck,Tyrol,Austria,6500
Matthew Smith,78,Stockton,California,United States,95209
Richard Bishop,18,Stuttgart,Baden-Wurttemberg,Germany,70327
Joseph Valentine,61,Whitehall,Ohio,United States,43218
April Wright,64,Whitehall,Ohio,United States,43218
Joseph Stewart,25,Topeka,Kansas,United States,66606
Brandon Chapman,61,Seongnam-si,Gyeonggi-do,South Korea,13606
Dawn Cabrera,74,Edmonton,Alberta,Canada,T5T
Patrick Whitehead,52,Palermo,Buenos Aires F.D.,Argentina,1870
Alexander Smith,66,Houston,Texas,United States,77007
Robert Mueller,35,Bucheon-si,Gyeonggi-do,South Korea,146
Angela Jones,67,Florenceville-Bristol,New Brunswick,Canada,E7L
Edgar Mcdonald,59,Riga,Rīga,Latvia,LV-1063
Sarah Vargas,39,Metepec,México,Mexico,52140
Victoria Casey,25,Boydton,Virginia,United States,23917
Elizabeth Brown,36,Kobe,Hyōgo,Japan,650-0011
Richard Anderson,45,Akron,Ohio,United States,44320
Richard Mullins Jr.,28,Indianapolis,Indiana,United States,46285
Toni Smith,47,Frankfurt am Main,Hesse,Germany,60313
Yvette Blair,18,Sierra Vista,Arizona,United States,85613
Andrew Jimenez,79,Boynton Beach,Florida,United States,33435
Dean Johnson,64,Gävle,Gävleborg County,Sweden,800 02
Ruth Pacheco,74,Whitehall,Ohio,United States,43218
David Mcclain,64,Falkenstein,Saxony,Germany,8223
Bryan Garner,34,London,England,United Kingdom,W1B
Joshua Clark,80,Schell City,Missouri,United States,64783
Nicholas Johnson,50,Grudziądz,Kujawsko-Pomorskie,Poland,86-302
Nicole Vega,66,Paris,Texas,United States,75460
Brittney Vincent,29,Whitehall,Ohio,United States,43218
Benjamin Cline,50,Chiyoda,Tokyo,Japan,100-8111
Connie Bryant,76,Varberg,Halland County,Sweden,432 00
Benjamin Mcfarland,24,London,England,United Kingdom,W1B
Sherry Moore,73,Rødovre Municipality,Capital Region,Denmark,2610
Richard Serrano,58,Las Vegas,Nevada,United States,89117
Edward Wilson,37,Dublin,Leinster,Ireland,D02
Anthony Galloway,71,Sierra Vista,Arizona,United States,85613
Monica Hurley,58,Bozeman,Montana,United States,59715
Timothy Crawford,50,Goshen,Kentucky,United States,40026
Frank Carter,56,Singapore,Central Singapore,Singapore,148945
Sarah Harper,30,Dallas,Texas,United States,75247
Kyle Rice,27,Harbin,Heilongjiang,China,150000
Jaime Sims,41,New York,New York,United States,10123
Jason Welch,66,Phaya Thai,Bangkok,Thailand,10400
Thomas Williams,28,West Lafayette,Indiana,United States,47907
Matthew Moore,52,Wellesley,Massachusetts,United States,2481
Kelsey Brown,79,Nakamachi,Tokyo,Japan,158-0091
Kelly Johnson,67,Zurich,Zurich,Switzerland,8027
Pamela Jones,77,Barnaul,Altai Krai,Russia,656056
Jennifer Castro,51,Sanger,California,United States,93657
Patricia Kemp,76,Shimomeguro,Tokyo,Japan,153-0061
Stacy Anderson,18,Chiyoda,Tokyo,Japan,100-8111
Christopher Vasquez,56,McLean,Virginia,United States,22102
Phyllis Smith,38,Rio Saliceto,Emilia-Romagna,Italy,42010
Kelli Lee,49,Darlington,England,United Kingdom,DL2
Karen Allen,19,Umraniye,Istanbul,Turkey,34750
Michael Murphy,25,Ilion,New York,United States,13357
Daniel Bryant,77,New Orleans,Louisiana,United States,70130
Damon Moore,41,San Juan,Metro Manila,Philippines,1500
Eric Cook,74,Bern,Bern,Switzerland,3003
Gregory Kim,71,Dyersburg,Tennessee,United States,38024
Jacob Wade,69,Franklin,Ohio,United States,45005
Kelly Oneal,37,Raleigh,North Carolina,United States,27606
Tanya Coleman,33,Kansas City,Missouri,United States,64108
Anna Thomas,21,Honolulu,Hawaii,United States,96813
Ashlee Thomas,33,Guiyang,Guizhou,China,550000
Tracy Jackson,74,Stuttgart,Baden-Wurttemberg,Germany,70173
Kristen Thomas,54,London,England,United Kingdom,W1B
Johnny Walker,78,Whitehall,Ohio,United States,43218
Nathan Mitchell,23,Whitehall,Ohio,United States,43218
Christopher Miller MD,23,Gothenburg,Västra Götaland County,Sweden,417 67
Stephanie Miller,64,Fleurus,Wallonia,Belgium,6224
Mrs. Breanna Taylor,49,Enid,Oklahoma,United States,73703
Anthony Leonard,70,Portland,Oregon,United States,97252
Mr. Matthew Murray,22,Joinville,Santa Catarina,Brazil,89200
Stacy Diaz,80,Madrid,Madrid,Spain,28070
Allison Brewer,66,Kuala Lumpur,Kuala Lumpur,Malaysia,50515
Amy Fitzpatrick,52,Fort Collins,Colorado,United States,80526
Patricia Garner,67,Whitehall,Ohio,United States,43218
Alexander Cook,26,Whitehall,Ohio,United States,43218
William Jackson,26,Brisbane,Queensland,Australia,4101
Diana Holmes,60,Kuala Lumpur,Kuala Lumpur,Malaysia,50200
Katherine Hart,48,Gayang-dong,Daejeon,South Korea,300090
Michelle Fitzpatrick,78,Jacksonville,Florida,United States,32255
Jorge Ortiz,53,Whitehall,Ohio,United States,43218
Zachary Wallace,28,Ashburn,Virginia,United States,20149
Jodi Kemp,34,Bilbao,Basque Country,Spain,48012
Joshua James,51,Hibarigaoka,Tokyo,Japan,179-0072
Chad Thompson,73,Miami,Florida,United States,33197
Alex Franklin,56,Hong Kong,Central and Western District,Hong Kong,0
Tony Green,45,Düsseldorf,North Rhine-Westphalia,Germany,40213
Aaron Kelly,79,Lissone,Lombardy,Italy,20851
Chris Francis,31,Chiyoda,Tokyo,Japan,100-8111
John Murphy,77,Houston,Texas,United States,77056
Robert Hull,52,Barrington,Rhode Island,United States,2806
Daniel Morgan,66,Minato-ku,Tokyo,Japan,104-0045
Cody Suarez,64,Lexington-Fayette,Kentucky,United States,40509
David Brooks,62,Aurora,Illinois,United States,60506
Nicholas Anderson,30,Frankfurt am Main,Hesse,Germany,60313
Melanie Villa,63,Santo Domingo,Nacional,Dominican Republic,10145
Linda Graham,37,Marcheprime,Nouvelle-Aquitaine,France,33380
Steven Watts,43,Milan,Lombardy,Italy,20121
Steven Mccormick,60,Prague,Prague,Czechia,110 00
Edward Ortiz,59,Beijing,Beijing,China,100000
John Campbell,41,Amsterdam,New York,United States,12010
Ariel Ho,46,Phoenix,Arizona,United States,85001
Monica Baldwin,75,Norfolk,Virginia,United States,23501
Gina Sims,51,Mountain View,California,United States,94043
Michele Weeks,46,Paris,Île-de-France,France,75000
John Williams,25,Kuala Lumpur,Kuala Lumpur,Malaysia,59200
Eric Brown,33,Seoul,Seoul,South Korea,45
Maria Murray,32,Charles Town,West Virginia,United States,25414
Robert Cummings DDS,22,Hamburg,Free and Hanseatic City of Hamburg,Germany,22587
Jaclyn Meyer,39,Toronto,Ontario,Canada,M5A
Lawrence Mcdonald,19,Sannomaru,Aichi,Japan,460-0001
Patrick Carrillo,55,Tempe,Arizona,United States,85284
Brandon Lee,53,Seongnam-si,Gyeonggi-do,South Korea,13606
Crystal Berger,32,Schwedt,Brandenburg,Germany,16303
Steven Barton,55,Round Rock,Texas,United States,78665
Linda Decker,32,New York,New York,United States,10123
Jeffrey Olson,18,São Paulo,São Paulo,Brazil,01000-000
Kevin Cervantes,22,Seongnam-si,Gyeonggi-do,South Korea,13606
Carolyn Hammond,63,Whitehall,Ohio,United States,43218
Christopher Hayes,58,McCall,Idaho,United States,83638
Jessica Le,21,Boydton,Virginia,United States,23917
Heather Gardner,32,Brisbane,Queensland,Australia,4305
Jocelyn Delacruz,22,Umraniye,Istanbul,Turkey,34860
Robert Coleman III,75,Santiago,Santiago Metropolitan,Chile,34033
William Farrell,20,Montgomery,Alabama,United States,36114
Kathleen Gomez,73,Long Beach,California,United States,90815
Lauren King,39,Antwerp,Flanders,Belgium,2050
Jeffery Hines,22,Minato-ku,Tokyo,Japan,104-0045
Henry Sanford,50,Carlow,Leinster,Ireland,R93
Randall Schmidt,33,Orland Park,Illinois,United States,60462
Laura Jones,35,Blacksburg,Virginia,United States,24061
Deborah Bailey,60,Whitehall,Ohio,United States,43218
Melissa King,49,Perm,Perm Krai,Russia,614000
Misty Edwards,31,Dorval,Quebec,Canada,H9S
Daniel Schroeder,52,Heredia,Heredia Province,Costa Rica,40703
Deborah Foster,26,Givors,Auvergne-Rhône-Alpes,France,69700
Mr. Daniel Walker,64,Mountain View,California,United States,94043
David Grant,77,Indianapolis,Indiana,United States,46204
Eric Richards,74,Kyiv,Kyiv City,Ukraine,1010
Matthew Robles,54,Whitehall,Ohio,United States,43218
Rebecca Rodriguez,54,San Salvador de Jujuy,Jujuy,Argentina,4600
Alexandra Holland,48,Framingham,Massachusetts,United States,1701
Suzanne Walsh,33,Pembroke,New Hampshire,United States,3275
Karen Horton,68,Sofia,Sofia-Capital,Bulgaria,1000
Lauren Murphy,48,Mechanicsburg,Pennsylvania,United States,17055
Kathryn Taylor,69,Whitehall,Ohio,United States,43218
Doris Hammond,44,Ann Arbor,Michigan,United States,48108
Mackenzie Brewer,30,Whitehall,Ohio,United States,43218
Deanna Rodriguez,24,New York,New York,United States,10123
Jeffrey Reid,24,Aurora,Colorado,United States,80012
Mary Maddox,60,Kista,Stockholm County,Sweden,164 00
Whitney Leach,45,Hyderabad,Telangana,India,500032
Dennis Diaz,40,Tokyo,Tokyo,Japan,151-0071
Alyssa Wallace,45,Fortaleza,Ceará,Brazil,60000
Brenda Hughes,44,New York,New York,United States,10123
Jason Miller,47,Whitehall,Ohio,United States,43218
Michael Reynolds,73,Chiyoda,Tokyo,Japan,100-8111
Steven Thompson,64,Shimomeguro,Tokyo,Japan,153-0061
Melissa Carlson,21,Shumen,Shumen,Bulgaria,9700
Dana Edwards,61,Atlanta,Georgia,United States,30302
Kathryn Benton,59,Sierra Vista,Arizona,United States,85613
April Horton,80,Sierra Vista,Arizona,United States,85613
Paul Jones,59,Oslo,Oslo County,Norway,1
Alyssa Harrison,24,Chennai,Tamil Nadu,India,600041
David Dalton,21,San Jose,California,United States,95141
Kimberly Stevens,43,Friesoythe,Lower Saxony,Germany,26169
Kimberly Mcmahon,64,Vienna,Vienna,Austria,1090
Jonathan Gonzalez,39,Charlotte,North Carolina,United States,28273
Brenda Roberts,69,Natchitoches,Louisiana,United States,71457
Monica Phillips,73,Irving,Texas,United States,75063
Fred Smith,24,New Pekin,Indiana,United States,47165
Michelle Brooks,33,Monroe,Louisiana,United States,71203
Monica Weaver,30,Cupertino,California,United States,95014
Kathryn Perry,30,Frankfurt am Main,Hesse,Germany,60326
Jeremy Hernandez,52,Shenzhen,Guangdong,China,518000
Katie Serrano,46,Negishi,Saitama,Japan,336-0021
Brenda Fleming,26,Malakāpuram,Andhra Pradesh,India,530011
Danielle Goodwin,45,Minato-ku,Tokyo,Japan,206-0042
Jorge Oconnell,29,Sacramento,California,United States,95814
Karina Walker,35,Taguig,Metro Manila,Philippines,1639
Raymond Ramos,47,Minato-ku,Tokyo,Japan,104-0045
Amber Perez,33,Atlanta,Georgia,United States,30309
Paul Wright,73,Gwangjin-gu,Seoul,South Korea,51
Allen Hickman,77,Mumbai,Maharashtra,India,400001
Stephanie Smith,22,Singapore,North West,Singapore,858877
Jennifer Taylor,46,Atlanta,Georgia,United States,30308
Maria Bailey,69,Chagrin Falls,Ohio,United States,44022
Sarah Herrera,73,Whitehall,Ohio,United States,43218
Amber Lynch,72,Sierra Vista,Arizona,United States,85613
Joseph Merritt,53,Umeå,Västerbotten County,Sweden,900 01
Candice Gibbs,24,Ichibachō,Chiba,Japan,260-0851
Christie Armstrong,21,North Bay,Ontario,Canada,P1B
Thomas Li Jr.,59,Billings,Montana,United States,59103
Michelle Wallace,52,Kloten,Zurich,Switzerland,8302
Angela Clark,71,Hangzhou,Zhejiang,China,310000
James Mercado,18,Atlanta,Georgia,United States,30302
Crystal Nelson,80,Sierra Vista,Arizona,United States,85613
Roy Ross,23,Chicago,Illinois,United States,60666
Miss Amy Cortez,77,Montreal,Quebec,Canada,H3T
Jacob Hall,66,Edmonton,Alberta,Canada,T5J
Lee Clark,72,Madrid,Madrid,Spain,28044
Haley Murphy,33,Ichigaochō,Kanagawa,Japan,225-0021
Brandy Leonard,28,Chennai,Tamil Nadu,India,600001
James Johnson,44,Richmond,British Columbia,Canada,V7E
Jimmy Greene IV,49,Luxembourg,Luxembourg,Luxembourg,L-1661
Eric Shelton,48,Sierra Vista,Arizona,United States,85613
Darius Villarreal,31,Chiyoda,Tokyo,Japan,100-8111
Julie Weber,73,Dublin,Ohio,United States,43017
Carolyn Suarez,43,Independence,Kentucky,United States,41051
James Melendez,75,Bellevue,Washington,United States,98006
Casey Romero,21,Redmond,Washington,United States,98052
Mrs. Crystal Burton,28,New York,New York,United States,10123
Wendy Wilson,42,Helbra,Saxony-Anhalt,Germany,6311
Gregory Chambers,18,Dubai,Dubai,United Arab Emirates,171103
Wesley Rocha,42,Cheongju-si,North Chungcheong,South Korea,286
Hannah Heath MD,34,Istanbul,Istanbul,Türkiye,34015
Mark Keith,77,Richland,Washington,United States,99352
Susan Orozco,68,Beijing,Beijing,China,100000
John Mccarthy,68,Antakya,Hatay,Türkiye,31160
Yolanda Ho,47,Medellín,Antioquia,Colombia,50043
Rebecca Noble,36,Sunny Isles Beach,Florida,United States,33160
Timothy Robertson,45,Dublin,Leinster,Ireland,D02
Loretta Johnson,62,Paris,Île-de-France,France,75020
Elizabeth Davis,79,Beckley,West Virginia,United States,25801
Michelle Brown,64,Bologna,Emilia-Romagna,Italy,40128
Brandy Mendez,68,Leicester,England,United Kingdom,LE1 9BH
William Collins,53,Whitehall,Ohio,United States,43218
Ashley Bell,60,Fulda,Hesse,Germany,36037
Brianna Lucas,63,Rome,Lazio,Italy,187
Edward Lee,49,Atlanta,Georgia,United States,30324
Mark Phillips,27,Whitehall,Ohio,United States,43218
Christopher Patrick,30,London,England,United Kingdom,W1B
Susan White,36,Florence,Tuscany,Italy,50100
Ellen Medina,31,Sierra Vista,Arizona,United States,85613
Monica Butler,79,Yekaterinburg,Sverdlovsk Oblast,Russia,620000
Christian Smith,21,Kelowna,British Columbia,Canada,V1Y
Trevor Cohen,55,Whitehall,Ohio,United States,43218
Joshua Harrington II,65,San Diego,California,United States,92111
David Dixon,52,Albany,Georgia,United States,31705
James White,21,Sierra Vista,Arizona,United States,85613
Deanna Stewart,65,Milton,Florida,United States,32570
Veronica Santana,38,Montgomery,Alabama,United States,36114
Samuel Nelson,21,Johannesburg,Gauteng,South Africa,2191
Cathy Francis,21,São Paulo,São Paulo,Brazil,01000-000
Andrea Gross,55,Amsterdam,North Holland,Netherlands,1047
Debra Garner,48,Klundert,North Brabant,The Netherlands,4791
Katrina Smith,50,Kawaguchi,Saitama,Japan,332-0011
Kristina Berg,76,Whitehall,Ohio,United States,43218
Kevin Serrano,72,Altamonte Springs,Florida,United States,32714
Joann Rush,51,Wilmington,North Carolina,United States,28412
Donna Mueller,28,Philadelphia,Pennsylvania,United States,19107
James Hicks,21,Tromsø,Troms,Norway,9014
Johnathan Hunt,79,Chicago,Illinois,United States,60666
Amber Haynes,50,Ludwigshafen am Rhein,Rheinland-Pfalz,Germany,67059
Mitchell Harris,23,Bala-Cynwyd,Pennsylvania,United States,19004
Warren Elliott,72,Nishikichō,Saitama,Japan,335-0001
Jose Thompson,29,Tucson,Arizona,United States,85742
James Fitzpatrick,22,Austin,Texas,United States,78713
Patrick Walker,56,San Antonio,Texas,United States,78288
Brooke Schultz,22,Whitehall,Ohio,United States,43218
Matthew Avila,61,Whitehall,Ohio,United States,43218
Tonya Lewis,73,San Jose,California,United States,95141
Sarah Williams,33,Arnstadt,Thuringia,Germany,99310
Vincent Johnson,43,Washington,District of Columbia,United States,20505
Catherine Poole,25,Michigan City,Indiana,United States,46360
Juan Glass,78,Monroe,Louisiana,United States,71203
Daniel Williams,74,Paris,Île-de-France,France,75001
James Larson,54,Sheffield,England,United Kingdom,S1
Malik Banks,33,Hatfield,England,United Kingdom,AL10 9BW
Tanya Hawkins,55,Parker,Colorado,United States,80134
Antonio Vega,56,Chiyoda,Tokyo,Japan,100-8111
Timothy Horton,20,Milwaukee,Wisconsin,United States,53237
Christopher Boyle,57,Frankfurt am Main,Hesse,Germany,60313
Andrea Jackson,23,Colorado Springs,Colorado,United States,80921
Melissa Gonzales,44,Leicester,England,United Kingdom,LE5
Michael Williams,60,New York,New York,United States,10123
Terri Williams,55,Jaipur,Rajasthan,India,302012
Joshua Andrews,54,Clermont-Ferrand,Auvergne-Rhône-Alpes,France,63000
Kayla Brady,51,Beijing,Beijing,China,100000
Ann Gomez,38,Glendale,Arizona,United States,85303
Morgan Turner,77,Las Vegas,Nevada,United States,89106
James Warren,34,Stockholm,Stockholm County,Sweden,100 04
Sarah Thomas,31,Stockholm,Stockholm County,Sweden,100 04
George Hall,60,Poitiers,Nouvelle-Aquitaine,France,86000
Mr. Gilbert Kelly,63,Trostberg an der Alz,Bavaria,Germany,83308
Cindy Campbell,38,Redmond,Washington,United States,98052
Emily Nolan,33,Brent,England,United Kingdom,NW2
Susan Sims,34,Sierra Vista,Arizona,United States,85613
David Sanchez,43,San Antonio,Texas,United States,78205
Mark Lindsey,26,Yoshkar-Ola,Mariy-El Republic,Russia,424038
Amanda Cantrell,60,Foster City,California,United States,94404
Jeffery Ellis,59,Whitehall,Ohio,United States,43218
Paige Smith,37,Fort Irwin,California,United States,92310
David Castillo,47,São Paulo,São Paulo,Brazil,1000
Susan Friedman,38,Karlín,Prague,Czechia,460 10
Cynthia Evans,77,Kuwana,Mie,Japan,511-0821
Elizabeth Goodman,66,Montgomery,Alabama,United States,36114
Kim Ball,77,Istanbul,Istanbul,Türkiye,34010
Joy Thompson,22,Whitehall,Ohio,United States,43218
Teresa Rivera,18,Goyang-si,Gyeonggi-do,South Korea,103
Janice Paul,47,Singapore,North West,Singapore,858877
Chris Smith,57,Rheinhausen,Baden-Wurttemberg,Germany,79365
Sylvia Ramirez,54,São Paulo,São Paulo,Brazil,01000-000
Erin Parks,24,Frankfurt am Main,Hesse,Germany,60313
Brandon Gilmore,22,Ōita,Oita,Japan,870-0319
Micheal Wilson,52,Sydney,New South Wales,Australia,2000
Carol Peterson,31,Fort Collins,Colorado,United States,80526
Mrs. Lisa Gray MD,50,Basking Ridge,New Jersey,United States,7920
Scott Rodriguez,34,Brno,South Moravian,Czechia,602 00
Bradley Hernandez,26,New York,New York,United States,10123
Mrs. Meredith Sparks,77,Naju,Jeollanam-do,South Korea,582
Jane Mendez,40,Rotterdam,South Holland,The Netherlands,3012
Kathleen Gonzalez,74,Nicholasville,Kentucky,United States,40356
Carlos Garrison,22,Minato-ku,Tokyo,Japan,104-0045
Dr. Sean Hill DVM,74,Kloten,Zurich,Switzerland,8302
Carol Ramirez,33,Cleveland,Ohio,United States,44192
Tammy Sweeney,41,Jackson,Mississippi,United States,39205
Frederick Mclaughlin,36,Tokyo,Tokyo,Japan,150-0002
Shawn Cantu,28,Whitehall,Ohio,United States,43218
Jessica Cabrera,46,Alert Bay,British Columbia,Canada,V0N
Jennifer Edwards,71,Sugar Land,Texas,United States,77498
Austin Richardson,52,Rosenberg,Texas,United States,77471
Kim Morris,63,Beckley,West Virginia,United States,25801
Lisa Kelly,37,New York,New York,United States,10123
Dana Alvarez,57,Minato-ku,Tokyo,Japan,104-0045
Ashley Meyers,80,Washington,District of Columbia,United States,20418
Steven Greene,69,Frankfurt am Main,Hesse,Germany,60313
Frank Barrett,59,Philadelphia,Pennsylvania,United States,19099
Catherine Martinez,51,Chicago,Illinois,United States,60657
Dustin Mcdowell,18,Ebara,Tokyo,Japan,142-0061
Paige Anderson,60,Singapore,Central Singapore,Singapore,48582
Jill Knight,70,Ashburn,Virginia,United States,20149
Toni Martin,53,Whitehall,Ohio,United States,43218
Thomas Stone,37,Randers,Central Jutland,Denmark,8920
Tracy Watkins,77,Stuttgart,Baden-Wurttemberg,Germany,70327
Andrea Faulkner,60,Dallas,Texas,United States,75244
Gregory Long,24,Montevideo,Montevideo Department,Uruguay,11100
Yolanda Smith,78,Frankfurt am Main,Hesse,Germany,60313
Jennifer Becker,74,New York,New York,United States,10123
Deanna Tyler,26,Blacksburg,Virginia,United States,24060
Joshua Cooper,34,Whitehall,Ohio,United States,43218
Kelly Williams,25,Richardson,Texas,United States,75080
Peter Parks,74,Sierra Vista,Arizona,United States,85613
Alan Manning,24,São Paulo,São Paulo,Brazil,01000-000
Sue Williams,65,Amsterdam,North Holland,Netherlands,1047
Robert Davis DVM,53,Corpus Christi,Texas,United States,78414
Jamie Howard,27,Hickory Hills,Illinois,United States,60457
Richard Crawford,35,St Petersburg,St.-Petersburg,Russia,195213
Stephanie Aguilar,36,Porto Alegre,Rio Grande do Sul,Brazil,90000
Nicholas Campbell,56,South Burlington,Vermont,United States,5403
Christopher Jackson,31,Cervera del Rio Alhama,La Rioja,Spain,26520
Steven Williams,63,Sierra Vista,Arizona,United States,85613
Arthur Gordon,39,Tokyo,Tokyo,Japan,150-0002
Shaun Johnson,31,Cleveland,Ohio,United States,44192
Shelly Burns,61,Regina,Saskatchewan,Canada,S4V
Sarah Barnes,58,Norwalk,Connecticut,United States,6850
Ashley Weiss,72,Tokyo,Tokyo,Japan,102-0082
Travis Ramos,34,Échirolles,Auvergne-Rhône-Alpes,France,38130
Alan Barnes,50,Basking Ridge,New Jersey,United States,7920
Kimberly Smith,49,Pune,Maharashtra,India,411001
Michael Wolfe,34,Whitehall,Ohio,United States,43218
Paula Harper,75,Dublin,Ohio,United States,43017
Steven Brown,76,Porterville,California,United States,93257
Corey Thomas,72,Provo,Utah,United States,84601
Anthony Miller,21,Portsmouth,Rhode Island,United States,2871
Evelyn Murphy,23,Pacific Grove,California,United States,93950
Anthony Baxter,58,San Diego,California,United States,92111
Miranda White,45,Washington,District of Columbia,United States,20068
Kelli Carey,71,Wiesloch,Baden-Wurttemberg,Germany,69168
Darlene Nguyen,35,Chicago,Illinois,United States,60666
Robert Rodriguez,20,Whitehall,Ohio,United States,43218
Jill Ward,18,Monroe,Louisiana,United States,71203
Penny Hansen,39,Jasper,Alabama,United States,35504
Aaron Bond,67,Uehara,Tokyo,Japan,151-0061
Pamela Simon DVM,26,Minneapolis,Minnesota,United States,55402
Aaron Hopkins,58,Whitehall,Ohio,United States,43218
Mr. Randy French,80,Reykjavik,Capital Region,Iceland,109
Kerry Davis,34,Milan,Lombardy,Italy,20121
Todd Lewis,28,Sierra Vista,Arizona,United States,85613
Joan Flores,65,Montgomery,Alabama,United States,36114
Justin Flores,46,Tokyo,Tokyo,Japan,151-0071
Ricardo Hogan,53,New York,New York,United States,10036
Jeremy Jackson,63,Auburndale,Florida,United States,33823
Emily Thompson,45,Marseille,Provence-Alpes-Côte d'Azur,France,13002
Ronald Andrews,53,Nanjing,Jiangsu,China,210000
Brandon Moore,18,Omaha,Nebraska,United States,68179
Timothy Williams,25,Bremerhaven,Bremen,Germany,27570
Jeffrey Aguilar,22,Sierra Vista,Arizona,United States,85613
Donald Phillips,78,Edmonton,Alberta,Canada,T5H
Terri Roman,74,New York,New York,United States,10023
Michael Smith,62,Nishimachi,Hokkaido,Japan,098-1201
Stephanie Brown,75,Alexandria,Louisiana,United States,71306
Brian Lewis,27,Boston,Massachusetts,United States,2112
Brandon Griffin,52,Araraquara,São Paulo,Brazil,14800
Shirley Holt,20,Indianapolis,Indiana,United States,46285
Phillip Greer,71,Port de Sagunt,Valencia,Spain,46520
Gordon Johnson,41,New York,New York,United States,10123
Michelle Fisher,55,Rionegro,Antioquia,Colombia,54040
Jason Mcdowell,53,Ashburn,Virginia,United States,20149
Jonathan Harris,27,Little Rock,Arkansas,United States,72212
Amy Taylor,45,Funabashi,Chiba,Japan,273-0005
Sharon Price,26,Herzogenaurach,Bavaria,Germany,91074
Anita Parks,20,Boydton,Virginia,United States,23917
Bethany Harrison,37,Osaka,Ōsaka,Japan,540-0002
Dawn Clements,41,Milan,Lombardy,Italy,20121
Miss Sheri Booker,75,Ashburn,Virginia,United States,20147
Adam Smith,77,Whitehall,Ohio,United States,43218
Jason Williams,68,London,England,United Kingdom,W1B
William Carpenter,80,Minato-ku,Tokyo,Japan,105-0012
Grant Lopez,73,Mountain View,California,United States,94043
Sarah Lewis,20,Dortmund,North Rhine-Westphalia,Germany,44388
Matthew Moyer,75,Buenos Aires,Buenos Aires,Argentina,1772
Jeffrey Cole,40,Toledo,Castille-La Mancha,Spain,45007
Ryan Osborne,31,Anaheim,California,United States,92825
Beth Hunter,61,Saint Paul,Minnesota,United States,55112
Jose Powell,33,Berkeley,California,United States,94720
Victoria Pennington,60,Chicago,Illinois,United States,60666
Spencer Wilson,24,São Paulo,São Paulo,Brazil,1000
Mark Horn,40,Gustavo Adolfo Madero,Mexico City,Mexico,7420
Mary Sanchez,67,Barrow in Furness,England,United Kingdom,LA14
Aaron Knight,53,Los Mochis,Sinaloa,Mexico,81223
John Sanchez,74,Baltimore,Maryland,United States,21250
Gary Hunt,73,Dublin,Leinster,Ireland,D02
Richard Phillips,44,Québec,Quebec,Canada,G1C
Amy Smith,80,Prestonsburg,Kentucky,United States,41653
Joy Thornton,57,Boydton,Virginia,United States,23917
Robin Patel,65,Ada,Oklahoma,United States,74820
Lauren Porter,27,Dongjak-gu,Seoul,South Korea,69
Mrs. Lynn Rubio MD,77,Stuttgart,Baden-Wurttemberg,Germany,70327
Christina Adams,77,Ottawa,Ontario,Canada,K1T
Danielle Reed,33,Canoas,Rio Grande do Sul,Brazil,92000
Amanda Sanchez,73,Don Mueang,Bangkok,Thailand,10210
Heather Reeves,28,Whitehall,Ohio,United States,43218
Mrs. Alicia Mason MD,80,Pumenengo,Lombardy,Italy,24050
Ashley Soto,69,Murfreesboro,Tennessee,United States,37128
Amy Holder,69,Saint-Ferreol-les-Neiges,Quebec,Canada,G0A
Nichole Barry,29,Honolulu,Hawaii,United States,96805
Amy Barton,74,Edwardsville,Illinois,United States,62025
James Chavez,44,Sierra Vista,Arizona,United States,85613
Edwin Thompson,19,Montgomery,Alabama,United States,36114
Nicholas Miller,29,Bupyeong-gu,Incheon,South Korea,213
Lisa Patel,65,Tokyo,Tokyo,Japan,151-0071
David Turner,77,Fiães,Aveiro,Portugal,4505-222
Joanna Alexander,39,San Francisco,California,United States,94105
Elizabeth Walker,68,Whitehall,Ohio,United States,43218
Joseph Moore,77,Esbjerg,South Denmark,Denmark,6705
Natalie Heath,44,São Paulo,São Paulo,Brazil,01000-000
Sherry Williams,69,Saint John,New Brunswick,Canada,E2J
Jennifer Mcintyre,60,Sherwood Park,Alberta,Canada,T8B
Anthony Franklin,73,Burnaby,British Columbia,Canada,V5G
Robert Juarez,65,Kawaguchi,Saitama,Japan,332-0015
Curtis Rodriguez,69,Porto,Porto,Portugal,4000-007
Brandon Ramirez,33,New York,New York,United States,10123
Katherine Casey,35,Pretoria,Gauteng,South Africa,81
Christopher Arnold,28,Sierra Vista,Arizona,United States,85613
Nichole Hanna,68,Gangneung,Gangwon-do,South Korea,256
Steven Navarro,62,Haeundae-gu,Busan,South Korea,480
Heather Hendrix,24,New York,New York,United States,10123
Kristy Greene,42,Rzeszów,Subcarpathia,Poland,35-001
Keith Carey,73,Abensberg,Bavaria,Germany,93326
David Patton,20,Whitehall,Ohio,United States,43218
Tammy Stevens,72,Bratislava,Bratislava Region,Slovakia,841 03
Renee Myers,48,Sydney,New South Wales,Australia,1001
Jasmine Webb,32,Fano,The Marches,Italy,61032
Jesse Weeks,30,Sierra Vista,Arizona,United States,85613
Nicole Collins,70,Salem,Oregon,United States,97302
Cynthia Allen,76,Orlando,Florida,United States,32806
Morgan Casey,47,Auckland,Auckland,New Zealand,1010
Elizabeth Buchanan,40,Milton,Massachusetts,United States,2186
David Martinez,37,Bucheon-si,Gyeonggi-do,South Korea,146
Tracy Bowers,70,Monroe,Louisiana,United States,71203
John Jones,68,Norfolk,Virginia,United States,23501
David Smith,73,Redmond,Washington,United States,98052
Lisa Sanchez,32,Bogotá,Bogota D.C.,Colombia,111311
Brandon Jordan,32,Chicago,Illinois,United States,60611
Emily Lloyd,19,Los Angeles,California,United States,90060
Sonya Bush,60,Prague,Prague,Czechia,101 00
Theresa Smith,30,Clinton,Iowa,United States,52732
Jason Holmes,43,Antwerp,Flanders,Belgium,2030
Elizabeth Lambert,39,Minato-ku,Tokyo,Japan,104-0045
Taylor Callahan,35,Dallas,Texas,United States,75270
Melinda Washington,73,The Bronx,New York,United States,10460
Kelly Collins,22,Shinchiba,Chiba,Japan,260-0031
Erica Ortiz,79,Dublin,Ohio,United States,43017
Tiffany Carter,67,Downers Grove,Illinois,United States,60515
Joanna Williams,35,Higashinakajima,Ōsaka,Japan,533-0031
Michael Moore,40,Ancona,The Marches,Italy,60100
Donald Sanders,59,Reading,Pennsylvania,United States,19606
Shane Rosales,50,Whitehall,Ohio,United States,43218
Victor Taylor,43,Bridgewater,New Jersey,United States,8807
Summer Benson,61,New Kensington,Pennsylvania,United States,15068
Kathleen Sanders,80,Hyderabad,Telangana,India,500001
Leslie Sims,71,Seocho-gu,Seoul,South Korea,66
Gloria Macias,52,Numazu,Shizuoka,Japan,410-0831
Kristen Cunningham,39,St Petersburg,St.-Petersburg,Russia,190000
Nicholas Hernandez,78,Shanghai,Shanghai,China,200000
Brandi Leonard,19,Reston,Virginia,United States,20190
Lawrence Smith,25,Whitehall,Ohio,United States,43218
Thomas Gordon,74,Chicago,Illinois,United States,60666
Dr. Brenda Melendez,80,Sierra Vista,Arizona,United States,85613
Maureen Fuller,34,Whitehall,Ohio,United States,43218
Melissa Lewis,29,Ottawa,Ontario,Canada,K1N
Madeline Reeves,55,Mumbai,Maharashtra,India,400070
Samuel Beck,79,Whitehall,Ohio,United States,43218
Tommy Jackson,80,Toyosu,Tokyo,Japan,135-8118
Allen Russell,34,Singapore,Central Singapore,Singapore,408942
Amy Le,20,Wilson,North Carolina,United States,27893
Sarah Bishop,24,Noida,Uttar Pradesh,India,110091
Kevin Jones,56,Stuttgart,Baden-Wurttemberg,Germany,70327
Danielle Paul,45,Minato-ku,Tokyo,Japan,104-0045
Kevin Jacobson,40,Boydton,Virginia,United States,23917
Anna Chan,64,Bhubaneswar,Odisha,India,752054
Ashley Davis,68,Philadelphia,Pennsylvania,United States,19145
Brenda French,38,Ashburn,Virginia,United States,20149
Oscar Jackson,45,Hwaseong-si,Gyeonggi-do,South Korea,186
Jose Mccoy,56,Loretto,Pennsylvania,United States,15940
Brandon Baker,80,Seoul,Seoul,South Korea,4524
John Jackson,50,Rome,Lazio,Italy,187
Anthony Zimmerman,25,Tollesboro,Kentucky,United States,41189
Samantha Raymond,42,Cologne,North Rhine-Westphalia,Germany,50676
James Ramos,75,Newton,Massachusetts,United States,2458
Cynthia Smith,54,Bentonville,Arkansas,United States,72712
Christina Lopez,30,Darwin,Northern Territory,Australia,810
Stephanie Stein,34,Trnava,Trnava Region,Slovakia,917 01
Joseph Rivers,20,Loudi,Hunan,China,417000
David Carroll,63,Mississauga,Ontario,Canada,L5B
Brittany Kelly,45,Lewisham,England,United Kingdom,SE15
Tina Cooper,18,New York,New York,United States,10123
Toni Abbott,51,Nizhniy Novgorod,Nizhny Novgorod Oblast,Russia,603005
Mr. Jesus Williams,77,London,England,United Kingdom,EC1V 7HP
Daniel Wilson,69,Bucharest,București,Romania,61422
Ronald Mueller,52,San Francisco,California,United States,94119
Eric Morrison,61,Hamburg,Free and Hanseatic City of Hamburg,Germany,22309
Michelle Watts,64,Frankfurt am Main,Hesse,Germany,60313
David Cook,78,New York,New York,United States,10123
Cristian West,65,Cape Town,Western Cape,South Africa,7405
Jennifer Bender,65,Whitehall,Ohio,United States,43218
Melissa Hale,60,Needham,Massachusetts,United States,2494
Gregory Stein,30,Indianapolis,Indiana,United States,46285
Haley Welch,41,Bengaluru,Karnataka,India,560010
Patrick Hanna,45,Hamburg,Free and Hanseatic City of Hamburg,Germany,22297
Gail Williams,22,Auckland,Auckland,New Zealand,1010
Brittany Rivera,78,Secaucus,New Jersey,United States,7094
Rebecca King,60,San Jose,California,United States,95113
Marc Daniel,76,Vyshneve,Kyiv Oblast,Ukraine,8133
Robert Black,39,Rome,Lazio,Italy,132
Caroline Rhodes,57,Frankfurt am Main,Hesse,Germany,60313
Jennifer Sellers,38,Ann Arbor,Michigan,United States,48108
Kim Kaiser,60,Dublin,Leinster,Ireland,D01
Lisa Stewart,72,Seongnam-si,Gyeonggi-do,South Korea,13606
Nicole Cruz,25,Monroe,Louisiana,United States,71203
Jennifer Peck,64,Ashburn,Virginia,United States,20149
Kristin Miller,75,Essentuki Urban District,Stavropol Kray,Russia,357600
Daniel Logan,37,Tamm,Baden-Wurttemberg,Germany,71732
Kyle Rice,50,Medellín,Antioquia,Colombia,50001
Philip Ramos,37,Middletown,Connecticut,United States,6457
Carlos Thomas,60,Whitehall,Ohio,United States,43218
Monica Robinson PhD,44,Whitehall,Ohio,United States,43218
Willie Rubio,38,Chiyoda,Tokyo,Japan,100-8111
Elizabeth Fernandez,43,Frisco,Texas,United States,75035
Jacqueline Martin,62,Limeira,São Paulo,Brazil,13480-000
Destiny Armstrong,36,Edinburgh,Scotland,United Kingdom,EH8
David Herman,53,Phoenix,Arizona,United States,85034
Mark Thomas,26,Round Rock,Texas,United States,78681
Donald Patton,30,New York,New York,United States,10123
Melanie Jones,44,Whitehall,Ohio,United States,43218
Amy Kelly,60,Whitehall,Ohio,United States,43218
Jessica Barnes MD,78,Hong Kong,Kowloon,Hong Kong,96521
Hannah Robinson,42,Whitehall,Ohio,United States,43218
Dawn Lozano,61,Mumbai,Maharashtra,India,400037
Brittany Jones,65,Toronto,Ontario,Canada,M5A
Ashley Ortega,75,Chennai,Tamil Nadu,India,600001
Adam Lopez,29,Rome,Lazio,Italy,187
Stephanie Moore,57,Randburg,Gauteng,South Africa,2032
George Myers,54,Edmonton,Alberta,Canada,T6M
Kaitlyn Baldwin,37,Whitehall,Ohio,United States,43218
Dr. Kevin Sims,43,Minato-ku,Tokyo,Japan,206-0042
John Taylor,53,Bratislava,Bratislava Region,Slovakia,811 08
Evan Walton,71,Reston,Virginia,United States,20190
William Gonzalez,18,Kiryū,Gunma,Japan,379-2301
Maria Fisher,37,Dayton,New Jersey,United States,8810
Jennifer Williams,36,Whitehall,Ohio,United States,43218
Paul Allen,31,Lexington,Massachusetts,United States,2421
Susan Morales,45,Bolivar,Missouri,United States,65613
Devin Huang,68,Cambridge,Massachusetts,United States,2139
Randall Todd,55,Lehi,Utah,United States,84043
Glen Ho MD,56,Little Rock,Arkansas,United States,72255
Dr. Zachary Mclean,59,New York,New York,United States,10123
Robert Gray,38,Buenos Aires,Buenos Aires F.D.,Argentina,1871
Lance Lucas,47,Whitehall,Ohio,United States,43218
Colleen Ramirez,46,Nakatsu,Ōsaka,Japan,531-0071
Darrell Perez,46,London,England,United Kingdom,W1B
Tamara Collins,61,Marina,California,United States,93933
Kristie Green,31,Thiruvananthapuram,Kerala,India,695581
Benjamin Marquez,50,Beijing,Beijing,China,100000
Eric Nash,48,Denver,Colorado,United States,80294
Sabrina Hall,68,Sunnyvale,California,United States,94085
Karen White,75,Ostrava,Moravskoslezsky kraj,Czechia,700 30
James Diaz,79,Venice,Veneto,Italy,30125
Joe Price,68,Bucharest,București,Romania,23482
Jamie Simon,65,Gangnam-gu,Seoul,South Korea,60
Morgan Castillo,28,Angers,Pays de la Loire,France,49100
Joshua Brown,60,Angoulême,Nouvelle-Aquitaine,France,16000
Adam Thomas,23,Gretna,Virginia,United States,24557
Nicole Gregory,36,Seo-gu,Incheon,South Korea,227
Brian Greer,50,New Providence,New Jersey,United States,7974
Paul Morales,60,Breukelen,Utrecht,The Netherlands,3621
Debbie Luna,58,Whitehall,Ohio,United States,43218
Victoria Brown,57,Volendam,North Holland,The Netherlands,1131
Angela Bauer,39,Whitehall,Ohio,United States,43218
Donna Garcia,23,Monroe,Louisiana,United States,71203
Rachel Hayes,70,Minato-ku,Tokyo,Japan,105-0012
Benjamin Phillips,78,Singapore,North West,Singapore,858877
Anthony Morris,66,London,England,United Kingdom,W1B
Robin Alexander,33,Prince George,British Columbia,Canada,V2L
Pamela Lambert,61,Chiyoda,Tokyo,Japan,100-0001
Kelli Miller,37,Berlin,Land Berlin,Germany,14195
Ryan Kane,32,Whitehall,Ohio,United States,43218
Kendra Nguyen,69,McLean,Virginia,United States,22102
Janet Barnes,30,Washington,District of Columbia,United States,56972
Mary Lozano,27,London,England,United Kingdom,W1B
Sharon Valenzuela,19,Minato-ku,Tokyo,Japan,104-0045
Louis Shepard,20,Seoul,Seoul,South Korea,136792
Karen Wade,33,Colombo,Western Province,Sri Lanka,500
Michael Young,80,Northampton,Pennsylvania,United States,18067
Dustin Sampson,48,Cleveland,Ohio,United States,44192
Bonnie Brown,57,Shenzhen,Guangdong,China,518000
Zachary Hall,72,Whitehall,Ohio,United States,43218
Alexandria Miller,67,Mooresville,Indiana,United States,46158
Ariana Butler,22,Fremont,California,United States,94536
Nathan Pineda,47,Atlanta,Georgia,United States,30303
Loretta Hanson,44,Frankfurt am Main,Hesse,Germany,60313
Krystal Moss,74,Whitehall,Ohio,United States,43218
Tyler Horton,58,Sierra Vista,Arizona,United States,85613
Joshua Farley,54,Amsterdam,North Holland,Netherlands,1047
Sarah Davenport,30,Ashburn,Virginia,United States,20147
John Whitaker,63,San Francisco,California,United States,94142
Ruben Ford,62,Pisa,Tuscany,Italy,56127
Amanda Peterson,42,Whitehall,Ohio,United States,43218
Cindy Mills,49,Frankfurt am Main,Hesse,Germany,60313
Toni Wood,43,Citrus Heights,California,United States,95610
Lauren Glass,33,New York,New York,United States,10123
Marissa Mills,27,Kuvandyk,Orenburg Oblast,Russia,462241
Jeffery Conner,59,Whitehall,Ohio,United States,43218
James Lynch,62,Redmond,Washington,United States,98052
Kurt Jones,18,Lębork,Pomerania,Poland,84-300
Ronnie Diaz,75,Grimsby,England,United Kingdom,DN32
Matthew Pace,66,Yongsan-dong,Seoul,South Korea,4371
Monica Walker,73,Ashburn,Virginia,United States,20149
Mrs. Nicole Dean,67,Portland,Oregon,United States,97207
Eileen Rodriguez,74,London,England,United Kingdom,W1B
Michael Williams,24,Jersey City,New Jersey,United States,7302
Ryan West,67,Whitehall,Ohio,United States,43218
John Daugherty,45,Zielona Góra,Lubusz,Poland,65-305
Shannon Weber,32,New York,New York,United States,10110
Timothy Rivers,29,Denver,Colorado,United States,80294
Christine Ramirez,69,Amsterdam,North Holland,The Netherlands,1012
John Joseph,79,Whitehall,Ohio,United States,43218
Michelle Williamson,62,Orlando,Florida,United States,32816
Stephanie Hicks,51,Chicago,Illinois,United States,60666
Jessica Ingram,47,Lachute,Quebec,Canada,J8H
Richard Reynolds,21,Sierra Vista,Arizona,United States,85613
Ryan Hancock,53,Chicago,Illinois,United States,60666
Alyssa Waters,33,Boston,Massachusetts,United States,2124
Stephanie Allen,76,Richmond,Kentucky,United States,40475
Jeanette Carter,72,Whitehall,Ohio,United States,43218
Kristie Young PhD,25,Whitehall,Ohio,United States,43218
Ann Wright,47,Guro-gu,Seoul,South Korea,83
Anna Cox,26,Indianapolis,Indiana,United States,46285
Jennifer Hunter,69,White Cloud,Michigan,United States,49349
Jason Martinez,47,London,England,United Kingdom,W1B
Rodney Ellis,60,Windham Center,Maine,United States,4062
Megan Brooks,51,Whitehall,Ohio,United States,43218
Eric Thompson,53,Troy,Michigan,United States,48084
Ann Schmidt,56,Akron,Ohio,United States,44321
Andrew Campbell,38,Macon,Georgia,United States,31210
Christopher Maldonado,78,Sierra Vista,Arizona,United States,85613
Christopher Patel,66,La Rochelle,Nouvelle-Aquitaine,France,17000
Cody Noble,75,Gangbuk-gu,Seoul,South Korea,10
Anthony Cunningham,46,Alcamo,Sicily,Italy,91011
Steven Fields,57,Whitehall,Ohio,United States,43218
Jeffrey Crawford,70,Dothan,Alabama,United States,36301
Rachel Frazier,64,Whitehall,Ohio,United States,43218
Lori Yang,75,Lithonia,Georgia,United States,30058
Colleen Torres,50,Gryfow Slaski,Lower Silesia,Poland,59-620
Zachary Hull,45,Fairfax,Virginia,United States,22030
Jacqueline Silva,71,Charlotte,North Carolina,United States,28262
Heather Cohen,76,Seoul,Seoul,South Korea,4524
Rachel Edwards,53,Plainfield,New Jersey,United States,7060
David Mitchell,46,St. Petersburg,Florida,United States,33714
Theresa Adams,75,Seongnam-si,Gyeonggi-do,South Korea,13606
Melissa Hale,28,Sacramento,California,United States,95841
Ms. Sandra Thomas,65,Whitehall,Ohio,United States,43218
Victoria Hubbard,73,Chicago,Illinois,United States,60605
Jeffrey James,48,Vítkov,Moravskoslezsky kraj,Czechia,749 01
April Harris,46,Moscow,Moscow,Russia,144700
Roger Howard,34,Beijing,Beijing,China,100000
Anthony Terry DDS,66,Mazieres-de-Touraine,Centre-Val de Loire,France,37130
Brianna Kent,33,Monroe,Louisiana,United States,71203
Rodney Bryant,71,Cupertino,California,United States,95014
William Turner,58,Mexico City,Mexico City,Mexico,5120
Mallory Holland,35,Taldom,Moscow Oblast,Russia,141900
Jasmine Scott,67,Chicago,Illinois,United States,60602
Tara Schneider,67,New York,New York,United States,10123
Daniel Hardin,51,Madrid,Madrid,Spain,28085
Elizabeth Jackson,49,Cincinnati,Ohio,United States,45201
Jessica Martin,58,Dexter,New York,United States,13634
Michael Thompson,33,Palermo,Sicily,Italy,90146
Kathryn Humphrey,35,São Paulo,São Paulo,Brazil,68515
Keith Espinoza,46,Birmingham,Alabama,United States,35209
Jared Garcia,22,Whitehall,Ohio,United States,43218
Barbara Martin,63,Durban,KwaZulu-Natal,South Africa,3630
Ryan Jackson,36,Vilnius,Vilnius,Lithuania,8126
Sara Daniel,33,Whitehall,Ohio,United States,43218
Rodney Rodriguez,35,Longueuil,Quebec,Canada,J4K
Bryan Stewart,39,Detroit,Michigan,United States,48202
Kelly Robinson,38,Steinbach,Manitoba,Canada,R5G
Sharon Freeman,75,Regina,Saskatchewan,Canada,S4V
Lori Yates,52,São Paulo,São Paulo,Brazil,1000
Devin Anderson,23,Minato-ku,Tokyo,Japan,104-0045
Stephanie Smith,26,Yekaterinburg,Sverdlovsk Oblast,Russia,620000
Richard Hill,27,Sierra Vista,Arizona,United States,85613
Bailey Franco,32,Warsaw,Mazovia,Poland,00-543
Norma Pierce,42,Southend-on-Sea,England,United Kingdom,SS0
Michael Mendoza,62,London,England,United Kingdom,W1B
Kara Smith,27,Sierra Vista,Arizona,United States,85613
Juan Smith,63,London,England,United Kingdom,W1B
Joseph Irwin,31,Chicago,Illinois,United States,60661
Doris Taylor,22,Rio de Janeiro,Rio de Janeiro,Brazil,24000
Devon Vazquez,44,Brasília,Federal District,Brazil,71570
Dr. Eric Sanchez,44,Brocton,England,United Kingdom,ST17
Joshua Elliott,39,Rome,Lazio,Italy,187
Stephanie Orr,52,Whitehall,Ohio,United States,43218
Patrick Stevenson IV,47,Tokyo,Tokyo,Japan,151-0071
Karen Richardson,44,Hefei,Anhui,China,230000
Mallory Bryant,21,Lawrenceville,Georgia,United States,30044
Heather Moran,31,Concord,Massachusetts,United States,1742
Lisa Jones,71,Whitehall,Ohio,United States,43218
Christian Clark,44,Seo-gu,Daejeon,South Korea,352
Brian Meyers,42,Whitehall,Ohio,United States,43218
Tyler Flowers,75,Chicago,Illinois,United States,60616
David Miller,67,Los Angeles,California,United States,90060
James Jackson,55,Chiyoda,Tokyo,Japan,100-8111
Shelley Gutierrez,78,Broomfield,Colorado,United States,80021
Linda Blanchard,62,London,England,United Kingdom,W1B
Thomas Richardson,19,Manaus,Amazonas,Brazil,69000
John Robles,72,Nairobi,Nairobi County,Kenya,9831
Jessica Ayala,74,Goiânia,Goiás,Brazil,74000
Steven Holmes,66,Whitehall,Ohio,United States,43218
Steven Delacruz,54,Seoul,Seoul,South Korea,4625
Matthew Hernandez,42,Toronto,Ontario,Canada,M5A
Nancy Johnson,48,Denver,Colorado,United States,80294
Jason Stokes,18,Slough,England,United Kingdom,SL1
Cindy Hall,78,Mira,Veneto,Italy,30034
David Romero,40,Gifu City,Gifu,Japan,500-8002
Amanda Wallace,37,Chicago,Illinois,United States,60666
Gina Henderson,66,Wiesmoor,Lower Saxony,Germany,26639
Nicole Johnson,42,Shenzhen,Guangdong,China,518000
John Conner,72,Whitehall,Ohio,United States,43218
Tiffany Clark,75,Whitehall,Ohio,United States,43218
Connie Brown,79,Cape Town,Western Cape,South Africa,7945
Tonya Greene,71,Banská Bystrica,Banská Bystrica Region,Slovakia,974 04
Mandy Hill,44,Sheffield,England,United Kingdom,S7
Donna Nguyen,52,Amsterdam,North Holland,The Netherlands,1012
Mary White,65,Sierra Vista,Arizona,United States,85613
Mark White,65,Busan,Busan,South Korea,48947
John Hughes,52,Whitehall,Ohio,United States,43218
Howard Kidd,69,Amsterdam,North Holland,The Netherlands,1012
Suzanne Robinson,56,Coffeyville,Kansas,United States,67337
Michael Velasquez,75,Haute-Goulaine,Pays de la Loire,France,44115
Maria Robles,32,Quincy,Washington,United States,98848
Daniel Wang,49,Whitehall,Ohio,United States,43218
Kenneth Davis,32,Imphal,Manipur,India,795140
Lisa Powell,35,Takasago,Saitama,Japan,330-9301
Emily Mcfarland,45,Salvador,Bahia,Brazil,40000
Brandon Eaton,49,Cologne,North Rhine-Westphalia,Germany,51063
Charles Banks,19,Concord,North Carolina,United States,28025
Amber Anderson,42,Janesville,Wisconsin,United States,53548
Angela Hernandez,39,Aparecida de Goiania,Goiás,Brazil,74900
Cameron Hardin,60,Whitehall,Ohio,United States,43218
Tony Fox,61,Warsaw,Mazovia,Poland,02-342
Aaron Brown,69,Atlanta,Georgia,United States,30308
David Harrell,43,Newton,Illinois,United States,62448
Eric Young,64,Jaipur,Rajasthan,India,302012
James Mills,28,São Paulo,Sao Paulo,Brazil,1323
Kelly Potter,71,Chicago,Illinois,United States,60666
Carlos Rogers,47,New York,New York,United States,10123
Heather Miller,76,Hatfield,England,United Kingdom,AL10 9BW
Joyce Haynes,26,Utrecht,Utrecht,The Netherlands,3512
Danielle Blake,80,Prague,Prague,Czechia,110 00
Dennis Larsen,57,Xiamen,Fujian,China,361000
Joseph Gibson,52,Bangkok,Bangkok,Thailand,10110
Gabrielle Weaver,19,North Battleford,Saskatchewan,Canada,S9A
Michelle Levine MD,76,Tsim Sha Tsui,Kowloon City,Hong Kong,96521
Brittany Bell,43,Tempe,Arizona,United States,85281
Tonya Sweeney,55,Sierra Vista,Arizona,United States,85613
Kenneth Hood,54,Whitehall,Ohio,United States,43218
Timothy Moody,60,Beijing,Beijing,China,100000
Chelsea Moreno,19,Nanjing,Jiangsu,China,210000
David Rivera Jr.,23,New York,New York,United States,10123
Heather Donovan,59,Nuremberg,Bavaria,Germany,90473
Shawn Mclean,45,Cyberjaya,Selangor,Malaysia,63100
Brandy Perez,26,Namdong-gu,Incheon,South Korea,216
Luis Serrano,73,Washington,District of Columbia,United States,20418
